timestamp,day_of_week,hour,minute,hour_float,is_holiday,is_exam_period,active_counters,queue_length,orders_pending,customers_served,average_service_time,predicted_customer_count,waiting_time_minutes,crowd_level,data_source
2026-01-12 08:00:00,0,8,0,8.0,1,0,2,3,3,25,1.33,27,2.6,LOW,SYNTHETIC_DEMO_DATA
2026-01-12 08:30:00,0,8,30,8.5,1,0,2,7,6,23,1.53,27,6.5,LOW,SYNTHETIC_DEMO_DATA
2026-01-12 09:00:00,0,9,0,9.0,1,0,1,13,11,19,1.01,26,14.7,LOW,SYNTHETIC_DEMO_DATA
2026-01-12 09:30:00,0,9,30,9.5,1,0,2,6,7,23,0.96,23,2.6,LOW,SYNTHETIC_DEMO_DATA
2026-01-12 10:00:00,0,10,0,10.0,1,0,1,9,8,17,1.42,21,15.5,LOW,SYNTHETIC_DEMO_DATA
2026-01-12 10:30:00,0,10,30,10.5,1,0,1,12,11,16,1.32,21,17.6,LOW,SYNTHETIC_DEMO_DATA
2026-01-12 11:00:00,0,11,0,11.0,1,0,3,5,8,20,1.39,20,3.7,LOW,SYNTHETIC_DEMO_DATA
2026-01-12 11:30:00,0,11,30,11.5,1,0,1,6,6,19,1.07,21,8.8,LOW,SYNTHETIC_DEMO_DATA
2026-01-12 12:00:00,0,12,0,12.0,1,0,1,34,30,18,1.28,47,51.7,MEDIUM,SYNTHETIC_DEMO_DATA
2026-01-12 12:30:00,0,12,30,12.5,1,0,1,32,27,14,1.24,45,47.2,MEDIUM,SYNTHETIC_DEMO_DATA
2026-01-12 13:00:00,0,13,0,13.0,1,0,2,17,15,29,1.13,41,11.7,MEDIUM,SYNTHETIC_DEMO_DATA
2026-01-12 13:30:00,0,13,30,13.5,1,0,2,29,25,25,1.49,50,26.0,MEDIUM,SYNTHETIC_DEMO_DATA
2026-01-12 14:00:00,0,14,0,14.0,1,0,1,34,28,16,1.3,46,51.2,MEDIUM,SYNTHETIC_DEMO_DATA
2026-01-12 14:30:00,0,14,30,14.5,1,0,1,10,12,17,1.48,22,17.4,LOW,SYNTHETIC_DEMO_DATA
2026-01-12 15:00:00,0,15,0,15.0,1,0,2,12,13,25,1.41,29,10.2,LOW,SYNTHETIC_DEMO_DATA
2026-01-12 15:30:00,0,15,30,15.5,1,0,1,13,10,17,1.28,24,19.3,LOW,SYNTHETIC_DEMO_DATA
2026-01-12 16:00:00,0,16,0,16.0,1,0,1,10,9,17,1.27,20,14.8,LOW,SYNTHETIC_DEMO_DATA
2026-01-12 16:30:00,0,16,30,16.5,1,0,3,3,4,22,1.6,22,1.9,LOW,SYNTHETIC_DEMO_DATA
2026-01-12 17:00:00,0,17,0,17.0,1,0,1,18,15,11,1.79,26,35.8,LOW,SYNTHETIC_DEMO_DATA
2026-01-12 17:30:00,0,17,30,17.5,1,0,1,18,15,17,1.35,27,28.7,LOW,SYNTHETIC_DEMO_DATA
2026-01-12 18:00:00,0,18,0,18.0,1,0,2,4,7,31,1.1,31,3.1,LOW,SYNTHETIC_DEMO_DATA
2026-01-12 18:30:00,0,18,30,18.5,1,0,1,17,16,13,1.51,32,29.7,LOW,SYNTHETIC_DEMO_DATA
2026-01-12 19:00:00,0,19,0,19.0,1,0,3,5,4,22,1.63,22,2.3,LOW,SYNTHETIC_DEMO_DATA
2026-01-12 19:30:00,0,19,30,19.5,1,0,2,5,6,24,1.45,24,5.4,LOW,SYNTHETIC_DEMO_DATA
2026-01-13 08:00:00,1,8,0,8.0,0,0,1,28,26,17,1.49,37,47.5,MEDIUM,SYNTHETIC_DEMO_DATA
2026-01-13 08:30:00,1,8,30,8.5,0,0,2,56,45,22,1.57,79,49.0,HIGH,SYNTHETIC_DEMO_DATA
2026-01-13 09:00:00,1,9,0,9.0,0,0,3,52,43,35,1.44,84,27.8,HIGH,SYNTHETIC_DEMO_DATA
2026-01-13 09:30:00,1,9,30,9.5,0,0,2,26,21,23,1.58,44,24.7,MEDIUM,SYNTHETIC_DEMO_DATA
2026-01-13 10:00:00,1,10,0,10.0,0,0,3,5,7,37,1.2,37,2.4,MEDIUM,SYNTHETIC_DEMO_DATA
2026-01-13 10:30:00,1,10,30,10.5,0,0,4,62,51,37,1.72,98,29.2,VERY HIGH,SYNTHETIC_DEMO_DATA
2026-01-13 11:00:00,1,11,0,11.0,0,0,5,40,36,50,1.79,82,16.7,HIGH,SYNTHETIC_DEMO_DATA
2026-01-13 11:30:00,1,11,30,11.5,0,0,3,19,16,36,1.49,49,11.5,MEDIUM,SYNTHETIC_DEMO_DATA
2026-01-13 12:00:00,1,12,0,12.0,0,0,4,66,57,37,1.77,103,32.1,VERY HIGH,SYNTHETIC_DEMO_DATA
2026-01-13 12:30:00,1,12,30,12.5,0,0,4,70,57,39,1.71,106,34.3,VERY HIGH,SYNTHETIC_DEMO_DATA
2026-01-13 13:00:00,1,13,0,13.0,0,0,5,60,50,49,1.79,104,24.7,VERY HIGH,SYNTHETIC_DEMO_DATA
2026-01-13 13:30:00,1,13,30,13.5,0,0,4,70,58,34,1.88,107,37.1,VERY HIGH,SYNTHETIC_DEMO_DATA
2026-01-13 14:00:00,1,14,0,14.0,0,0,3,31,27,35,1.36,69,16.6,MEDIUM,SYNTHETIC_DEMO_DATA
2026-01-13 14:30:00,1,14,30,14.5,0,0,3,31,27,37,1.29,68,16.1,MEDIUM,SYNTHETIC_DEMO_DATA
2026-01-13 15:00:00,1,15,0,15.0,0,0,2,12,14,29,1.23,31,9.8,LOW,SYNTHETIC_DEMO_DATA
2026-01-13 15:30:00,1,15,30,15.5,0,0,1,20,16,20,1.24,35,28.7,LOW,SYNTHETIC_DEMO_DATA
2026-01-13 16:00:00,1,16,0,16.0,0,0,1,21,18,15,1.51,33,36.0,LOW,SYNTHETIC_DEMO_DATA
2026-01-13 16:30:00,1,16,30,16.5,0,0,4,57,47,35,1.93,85,31.3,HIGH,SYNTHETIC_DEMO_DATA
2026-01-13 17:00:00,1,17,0,17.0,0,0,3,54,44,34,1.57,87,33.4,HIGH,SYNTHETIC_DEMO_DATA
2026-01-13 17:30:00,1,17,30,17.5,0,0,4,44,38,38,1.68,76,19.7,HIGH,SYNTHETIC_DEMO_DATA
2026-01-13 18:00:00,1,18,0,18.0,0,0,2,26,21,30,1.09,52,17.5,MEDIUM,SYNTHETIC_DEMO_DATA
2026-01-13 18:30:00,1,18,30,18.5,0,0,2,23,20,28,1.36,45,18.7,MEDIUM,SYNTHETIC_DEMO_DATA
2026-01-13 19:00:00,1,19,0,19.0,0,0,3,8,10,29,1.0,29,3.4,LOW,SYNTHETIC_DEMO_DATA
2026-01-13 19:30:00,1,19,30,19.5,0,0,1,6,5,17,1.39,18,10.3,LOW,SYNTHETIC_DEMO_DATA
2026-01-14 08:00:00,2,8,0,8.0,0,0,2,16,14,28,1.41,39,13.7,MEDIUM,SYNTHETIC_DEMO_DATA
2026-01-14 08:30:00,2,8,30,8.5,0,0,3,31,28,44,1.13,69,13.8,MEDIUM,SYNTHETIC_DEMO_DATA
2026-01-14 09:00:00,2,9,0,9.0,0,0,2,56,48,24,1.5,80,48.7,HIGH,SYNTHETIC_DEMO_DATA
2026-01-14 09:30:00,2,9,30,9.5,0,0,1,29,27,15,1.5,40,50.1,MEDIUM,SYNTHETIC_DEMO_DATA
2026-01-14 10:00:00,2,10,0,10.0,0,0,1,30,27,15,1.73,38,57.7,MEDIUM,SYNTHETIC_DEMO_DATA
2026-01-14 10:30:00,2,10,30,10.5,0,0,4,49,41,38,1.7,84,23.3,HIGH,SYNTHETIC_DEMO_DATA
2026-01-14 11:00:00,2,11,0,11.0,0,0,4,48,42,44,1.6,88,22.0,HIGH,SYNTHETIC_DEMO_DATA
2026-01-14 11:30:00,2,11,30,11.5,0,0,4,10,11,53,1.26,56,3.7,MEDIUM,SYNTHETIC_DEMO_DATA
2026-01-14 12:00:00,2,12,0,12.0,0,0,3,72,59,29,1.67,105,45.0,VERY HIGH,SYNTHETIC_DEMO_DATA
2026-01-14 12:30:00,2,12,30,12.5,0,0,4,70,57,40,1.84,107,36.1,VERY HIGH,SYNTHETIC_DEMO_DATA
2026-01-14 13:00:00,2,13,0,13.0,0,0,3,72,60,32,1.7,103,45.8,VERY HIGH,SYNTHETIC_DEMO_DATA
2026-01-14 13:30:00,2,13,30,13.5,0,0,4,68,55,33,2.03,100,38.1,VERY HIGH,SYNTHETIC_DEMO_DATA
2026-01-14 14:00:00,2,14,0,14.0,0,0,2,51,42,31,1.2,80,34.8,HIGH,SYNTHETIC_DEMO_DATA
2026-01-14 14:30:00,2,14,30,14.5,0,0,4,21,20,49,1.42,64,9.1,MEDIUM,SYNTHETIC_DEMO_DATA
2026-01-14 15:00:00,2,15,0,15.0,0,0,3,1,4,25,1.68,25,1.0,LOW,SYNTHETIC_DEMO_DATA
2026-01-14 15:30:00,2,15,30,15.5,0,0,1,18,16,17,1.15,32,25.7,LOW,SYNTHETIC_DEMO_DATA
2026-01-14 16:00:00,2,16,0,16.0,0,0,2,9,8,30,1.36,31,5.8,LOW,SYNTHETIC_DEMO_DATA
2026-01-14 16:30:00,2,16,30,16.5,0,0,4,38,31,39,1.8,76,20.1,HIGH,SYNTHETIC_DEMO_DATA
2026-01-14 17:00:00,2,17,0,17.0,0,0,4,51,43,42,1.72,88,25.5,HIGH,SYNTHETIC_DEMO_DATA
2026-01-14 17:30:00,2,17,30,17.5,0,0,3,50,43,31,1.65,78,32.2,HIGH,SYNTHETIC_DEMO_DATA
2026-01-14 18:00:00,2,18,0,18.0,0,0,1,35,29,20,1.03,50,43.2,MEDIUM,SYNTHETIC_DEMO_DATA
2026-01-14 18:30:00,2,18,30,18.5,0,0,2,20,18,27,1.59,44,18.1,MEDIUM,SYNTHETIC_DEMO_DATA
2026-01-14 19:00:00,2,19,0,19.0,0,0,2,3,3,12,1.33,12,2.3,LOW,SYNTHETIC_DEMO_DATA
2026-01-14 19:30:00,2,19,30,19.5,0,0,1,6,7,13,1.44,16,11.2,LOW,SYNTHETIC_DEMO_DATA
2026-01-15 08:00:00,3,8,0,8.0,0,0,1,17,15,17,1.21,34,24.2,LOW,SYNTHETIC_DEMO_DATA
2026-01-15 08:30:00,3,8,30,8.5,0,0,3,40,35,41,1.36,76,21.2,HIGH,SYNTHETIC_DEMO_DATA
2026-01-15 09:00:00,3,9,0,9.0,0,0,4,29,24,50,1.31,76,11.5,HIGH,SYNTHETIC_DEMO_DATA
2026-01-15 09:30:00,3,9,30,9.5,0,0,1,40,32,15,1.29,50,59.4,MEDIUM,SYNTHETIC_DEMO_DATA
2026-01-15 10:00:00,3,10,0,10.0,0,0,2,19,17,26,1.41,43,15.6,MEDIUM,SYNTHETIC_DEMO_DATA
2026-01-15 10:30:00,3,10,30,10.5,0,0,4,42,34,46,1.54,83,17.4,HIGH,SYNTHETIC_DEMO_DATA
2026-01-15 11:00:00,3,11,0,11.0,0,0,4,55,46,38,1.86,93,28.4,HIGH,SYNTHETIC_DEMO_DATA
2026-01-15 11:30:00,3,11,30,11.5,0,0,2,27,24,24,1.63,49,23.9,MEDIUM,SYNTHETIC_DEMO_DATA
2026-01-15 12:00:00,3,12,0,12.0,0,0,3,65,53,28,1.8,96,42.9,HIGH,SYNTHETIC_DEMO_DATA
2026-01-15 12:30:00,3,12,30,12.5,0,0,5,51,42,55,1.6,99,17.8,VERY HIGH,SYNTHETIC_DEMO_DATA
2026-01-15 13:00:00,3,13,0,13.0,0,0,5,52,43,52,1.54,101,18.4,VERY HIGH,SYNTHETIC_DEMO_DATA
2026-01-15 13:30:00,3,13,30,13.5,0,0,4,61,52,38,1.74,104,30.2,VERY HIGH,SYNTHETIC_DEMO_DATA
2026-01-15 14:00:00,3,14,0,14.0,0,0,3,25,22,47,1.03,68,10.2,MEDIUM,SYNTHETIC_DEMO_DATA
2026-01-15 14:30:00,3,14,30,14.5,0,0,3,33,28,35,1.4,67,17.8,MEDIUM,SYNTHETIC_DEMO_DATA
2026-01-15 15:00:00,3,15,0,15.0,0,0,1,25,22,17,1.25,35,37.4,LOW,SYNTHETIC_DEMO_DATA
2026-01-15 15:30:00,3,15,30,15.5,0,0,3,7,9,24,1.16,24,3.0,LOW,SYNTHETIC_DEMO_DATA
2026-01-15 16:00:00,3,16,0,16.0,0,0,2,9,10,26,1.32,31,7.3,LOW,SYNTHETIC_DEMO_DATA
2026-01-15 16:30:00,3,16,30,16.5,0,0,5,36,30,53,1.64,80,15.0,HIGH,SYNTHETIC_DEMO_DATA
2026-01-15 17:00:00,3,17,0,17.0,0,0,4,46,38,43,1.63,86,19.3,HIGH,SYNTHETIC_DEMO_DATA
2026-01-15 17:30:00,3,17,30,17.5,0,0,5,34,31,50,1.7,75,11.3,HIGH,SYNTHETIC_DEMO_DATA
2026-01-15 18:00:00,3,18,0,18.0,0,0,1,29,25,17,1.56,40,52.5,MEDIUM,SYNTHETIC_DEMO_DATA
2026-01-15 18:30:00,3,18,30,18.5,0,0,1,33,27,16,1.42,44,52.9,MEDIUM,SYNTHETIC_DEMO_DATA
2026-01-15 19:00:00,3,19,0,19.0,0,0,1,14,12,14,1.41,22,22.4,LOW,SYNTHETIC_DEMO_DATA
2026-01-15 19:30:00,3,19,30,19.5,0,0,2,7,7,24,1.53,24,7.7,LOW,SYNTHETIC_DEMO_DATA
2026-01-16 08:00:00,4,8,0,8.0,0,0,1,19,18,11,1.62,29,37.4,LOW,SYNTHETIC_DEMO_DATA
2026-01-16 08:30:00,4,8,30,8.5,0,0,4,40,34,47,1.46,84,17.1,HIGH,SYNTHETIC_DEMO_DATA
2026-01-16 09:00:00,4,9,0,9.0,0,0,4,36,29,56,1.26,83,13.8,HIGH,SYNTHETIC_DEMO_DATA
2026-01-16 09:30:00,4,9,30,9.5,0,0,1,37,33,12,1.44,51,61.2,MEDIUM,SYNTHETIC_DEMO_DATA
2026-01-16 10:00:00,4,10,0,10.0,0,0,2,10,9,35,1.05,37,6.9,MEDIUM,SYNTHETIC_DEMO_DATA
2026-01-16 10:30:00,4,10,30,10.5,0,0,4,43,36,41,1.65,81,19.8,HIGH,SYNTHETIC_DEMO_DATA
2026-01-16 11:00:00,4,11,0,11.0,0,0,4,48,42,36,1.83,86,25.0,HIGH,SYNTHETIC_DEMO_DATA
2026-01-16 11:30:00,4,11,30,11.5,0,0,4,13,11,48,1.32,48,5.0,MEDIUM,SYNTHETIC_DEMO_DATA
2026-01-16 12:00:00,4,12,0,12.0,0,0,3,77,62,34,1.67,103,47.1,VERY HIGH,SYNTHETIC_DEMO_DATA
2026-01-16 12:30:00,4,12,30,12.5,0,0,4,60,49,52,1.22,108,19.7,VERY HIGH,SYNTHETIC_DEMO_DATA
2026-01-16 13:00:00,4,13,0,13.0,0,0,4,54,44,45,1.56,96,23.8,HIGH,SYNTHETIC_DEMO_DATA
2026-01-16 13:30:00,4,13,30,13.5,0,0,3,72,58,29,1.71,102,45.0,VERY HIGH,SYNTHETIC_DEMO_DATA
2026-01-16 14:00:00,4,14,0,14.0,0,0,3,36,30,38,1.44,69,19.6,MEDIUM,SYNTHETIC_DEMO_DATA
2026-01-16 14:30:00,4,14,30,14.5,0,0,3,36,30,40,1.4,72,19.8,MEDIUM,SYNTHETIC_DEMO_DATA
2026-01-16 15:00:00,4,15,0,15.0,0,0,1,15,14,19,1.12,32,19.6,LOW,SYNTHETIC_DEMO_DATA
2026-01-16 15:30:00,4,15,30,15.5,0,0,1,14,12,21,1.1,34,19.8,LOW,SYNTHETIC_DEMO_DATA
2026-01-16 16:00:00,4,16,0,16.0,0,0,2,11,12,26,1.42,28,9.3,LOW,SYNTHETIC_DEMO_DATA
2026-01-16 16:30:00,4,16,30,16.5,0,0,4,55,48,38,1.82,90,27.9,HIGH,SYNTHETIC_DEMO_DATA
2026-01-16 17:00:00,4,17,0,17.0,0,0,3,44,37,35,1.56,79,26.4,HIGH,SYNTHETIC_DEMO_DATA
2026-01-16 17:30:00,4,17,30,17.5,0,0,3,52,44,31,1.79,80,35.5,HIGH,SYNTHETIC_DEMO_DATA
2026-01-16 18:00:00,4,18,0,18.0,0,0,2,13,13,30,1.12,39,9.1,MEDIUM,SYNTHETIC_DEMO_DATA
2026-01-16 18:30:00,4,18,30,18.5,0,0,1,24,21,17,1.21,40,35.1,MEDIUM,SYNTHETIC_DEMO_DATA
2026-01-16 19:00:00,4,19,0,19.0,0,0,2,4,3,22,1.38,22,1.9,LOW,SYNTHETIC_DEMO_DATA
2026-01-16 19:30:00,4,19,30,19.5,0,0,2,3,5,14,1.53,14,4.3,LOW,SYNTHETIC_DEMO_DATA
2026-01-17 08:00:00,5,8,0,8.0,0,0,2,3,5,28,1.25,28,3.2,LOW,SYNTHETIC_DEMO_DATA
2026-01-17 08:30:00,5,8,30,8.5,0,0,2,6,8,20,1.31,20,5.4,LOW,SYNTHETIC_DEMO_DATA
2026-01-17 09:00:00,5,9,0,9.0,0,0,1,14,15,18,1.43,29,23.7,LOW,SYNTHETIC_DEMO_DATA
2026-01-17 09:30:00,5,9,30,9.5,0,0,1,15,16,19,1.37,29,25.4,LOW,SYNTHETIC_DEMO_DATA
2026-01-17 10:00:00,5,10,0,10.0,0,0,2,5,7,23,1.47,25,5.3,LOW,SYNTHETIC_DEMO_DATA
2026-01-17 10:30:00,5,10,30,10.5,0,0,1,10,9,17,1.44,20,16.3,LOW,SYNTHETIC_DEMO_DATA
2026-01-17 11:00:00,5,11,0,11.0,0,0,2,2,4,25,1.27,25,2.6,LOW,SYNTHETIC_DEMO_DATA
2026-01-17 11:30:00,5,11,30,11.5,0,0,1,10,12,17,1.46,20,18.5,LOW,SYNTHETIC_DEMO_DATA
2026-01-17 12:00:00,5,12,0,12.0,0,0,1,34,31,16,1.6,44,62.4,MEDIUM,SYNTHETIC_DEMO_DATA
2026-01-17 12:30:00,5,12,30,12.5,0,0,2,10,9,33,1.03,39,6.0,MEDIUM,SYNTHETIC_DEMO_DATA
2026-01-17 13:00:00,5,13,0,13.0,0,0,1,23,21,16,1.21,42,32.1,MEDIUM,SYNTHETIC_DEMO_DATA
2026-01-17 13:30:00,5,13,30,13.5,0,0,2,20,18,28,1.2,45,14.8,MEDIUM,SYNTHETIC_DEMO_DATA
2026-01-17 14:00:00,5,14,0,14.0,0,0,2,22,18,24,1.44,47,18.1,MEDIUM,SYNTHETIC_DEMO_DATA
2026-01-17 14:30:00,5,14,30,14.5,0,0,1,19,18,15,1.24,28,27.6,LOW,SYNTHETIC_DEMO_DATA
2026-01-17 15:00:00,5,15,0,15.0,0,0,1,18,17,13,1.46,23,31.3,LOW,SYNTHETIC_DEMO_DATA
2026-01-17 15:30:00,5,15,30,15.5,0,0,1,14,14,16,1.46,24,24.2,LOW,SYNTHETIC_DEMO_DATA
2026-01-17 16:00:00,5,16,0,16.0,0,0,1,15,14,15,1.21,25,20.9,LOW,SYNTHETIC_DEMO_DATA
2026-01-17 16:30:00,5,16,30,16.5,0,0,1,15,14,18,1.16,28,21.9,LOW,SYNTHETIC_DEMO_DATA
2026-01-17 17:00:00,5,17,0,17.0,0,0,2,2,5,24,1.54,24,2.5,LOW,SYNTHETIC_DEMO_DATA
2026-01-17 17:30:00,5,17,30,17.5,0,0,2,11,12,27,1.43,29,9.8,LOW,SYNTHETIC_DEMO_DATA
2026-01-17 18:00:00,5,18,0,18.0,0,0,1,19,18,13,1.47,31,31.8,LOW,SYNTHETIC_DEMO_DATA
2026-01-17 18:30:00,5,18,30,18.5,0,0,2,8,9,25,1.42,27,6.8,LOW,SYNTHETIC_DEMO_DATA
2026-01-17 19:00:00,5,19,0,19.0,0,0,2,12,12,25,1.74,28,11.6,LOW,SYNTHETIC_DEMO_DATA
2026-01-17 19:30:00,5,19,30,19.5,0,0,3,7,7,30,1.09,30,3.3,LOW,SYNTHETIC_DEMO_DATA
2026-01-18 08:00:00,6,8,0,8.0,1,0,1,12,13,20,1.22,26,18.0,LOW,SYNTHETIC_DEMO_DATA
2026-01-18 08:30:00,6,8,30,8.5,1,0,1,19,18,17,1.26,27,28.4,LOW,SYNTHETIC_DEMO_DATA
2026-01-18 09:00:00,6,9,0,9.0,1,0,1,7,6,18,0.95,20,8.9,LOW,SYNTHETIC_DEMO_DATA
2026-01-18 09:30:00,6,9,30,9.5,1,0,1,21,18,15,1.59,30,37.8,LOW,SYNTHETIC_DEMO_DATA
2026-01-18 10:00:00,6,10,0,10.0,1,0,3,6,6,19,1.23,19,2.8,LOW,SYNTHETIC_DEMO_DATA
2026-01-18 10:30:00,6,10,30,10.5,1,0,1,14,15,15,1.31,26,23.0,LOW,SYNTHETIC_DEMO_DATA
2026-01-18 11:00:00,6,11,0,11.0,1,0,2,8,9,24,1.43,27,7.3,LOW,SYNTHETIC_DEMO_DATA
2026-01-18 11:30:00,6,11,30,11.5,1,0,1,17,14,15,1.44,30,29.4,LOW,SYNTHETIC_DEMO_DATA
2026-01-18 12:00:00,6,12,0,12.0,1,0,1,30,26,14,1.23,46,44.2,MEDIUM,SYNTHETIC_DEMO_DATA
2026-01-18 12:30:00,6,12,30,12.5,1,0,1,27,24,19,1.23,45,39.8,MEDIUM,SYNTHETIC_DEMO_DATA
2026-01-18 13:00:00,6,13,0,13.0,1,0,1,35,31,17,1.34,42,54.6,MEDIUM,SYNTHETIC_DEMO_DATA
2026-01-18 13:30:00,6,13,30,13.5,1,0,1,26,23,17,1.36,42,40.9,MEDIUM,SYNTHETIC_DEMO_DATA
2026-01-18 14:00:00,6,14,0,14.0,1,0,1,32,28,13,1.45,44,52.8,MEDIUM,SYNTHETIC_DEMO_DATA
2026-01-18 14:30:00,6,14,30,14.5,1,0,2,15,13,28,1.41,33,12.7,LOW,SYNTHETIC_DEMO_DATA
2026-01-18 15:00:00,6,15,0,15.0,1,0,1,20,19,13,1.39,31,34.3,LOW,SYNTHETIC_DEMO_DATA
2026-01-18 15:30:00,6,15,30,15.5,1,0,2,5,6,21,1.25,21,5.6,LOW,SYNTHETIC_DEMO_DATA
2026-01-18 16:00:00,6,16,0,16.0,1,0,1,13,11,14,1.37,26,20.7,LOW,SYNTHETIC_DEMO_DATA
2026-01-18 16:30:00,6,16,30,16.5,1,0,2,8,8,27,1.33,30,7.6,LOW,SYNTHETIC_DEMO_DATA
2026-01-18 17:00:00,6,17,0,17.0,1,0,1,15,15,17,1.54,26,28.3,LOW,SYNTHETIC_DEMO_DATA
2026-01-18 17:30:00,6,17,30,17.5,1,0,2,7,9,19,1.25,19,6.6,LOW,SYNTHETIC_DEMO_DATA
2026-01-18 18:00:00,6,18,0,18.0,1,0,1,16,15,14,1.4,27,25.9,LOW,SYNTHETIC_DEMO_DATA
2026-01-18 18:30:00,6,18,30,18.5,1,0,2,10,9,24,1.54,25,7.4,LOW,SYNTHETIC_DEMO_DATA
2026-01-18 19:00:00,6,19,0,19.0,1,0,2,0,0,20,1.56,20,1.0,LOW,SYNTHETIC_DEMO_DATA
2026-01-18 19:30:00,6,19,30,19.5,1,0,2,2,4,17,1.4,17,1.6,LOW,SYNTHETIC_DEMO_DATA
2026-01-19 08:00:00,0,8,0,8.0,0,0,1,23,20,19,1.29,34,35.6,LOW,SYNTHETIC_DEMO_DATA
2026-01-19 08:30:00,0,8,30,8.5,0,0,4,39,32,40,1.58,78,17.2,HIGH,SYNTHETIC_DEMO_DATA
2026-01-19 09:00:00,0,9,0,9.0,0,0,2,53,46,26,1.36,79,41.0,HIGH,SYNTHETIC_DEMO_DATA
2026-01-19 09:30:00,0,9,30,9.5,0,0,1,27,23,16,1.35,38,42.5,MEDIUM,SYNTHETIC_DEMO_DATA
2026-01-19 10:00:00,0,10,0,10.0,0,0,1,33,29,19,1.32,49,51.3,MEDIUM,SYNTHETIC_DEMO_DATA
2026-01-19 10:30:00,0,10,30,10.5,0,0,4,48,41,45,1.58,88,21.7,HIGH,SYNTHETIC_DEMO_DATA
2026-01-19 11:00:00,0,11,0,11.0,0,0,4,53,45,36,1.77,87,26.5,HIGH,SYNTHETIC_DEMO_DATA
2026-01-19 11:30:00,0,11,30,11.5,0,0,3,23,20,37,1.43,52,11.7,MEDIUM,SYNTHETIC_DEMO_DATA
2026-01-19 12:00:00,0,12,0,12.0,0,0,5,56,48,53,1.56,103,19.7,VERY HIGH,SYNTHETIC_DEMO_DATA
2026-01-19 12:30:00,0,12,30,12.5,0,0,4,69,58,41,1.76,104,33.0,VERY HIGH,SYNTHETIC_DEMO_DATA
2026-01-19 13:00:00,0,13,0,13.0,0,0,5,60,48,42,1.95,101,25.0,VERY HIGH,SYNTHETIC_DEMO_DATA
2026-01-19 13:30:00,0,13,30,13.5,0,0,4,50,41,47,1.4,97,18.3,VERY HIGH,SYNTHETIC_DEMO_DATA
2026-01-19 14:00:00,0,14,0,14.0,0,0,3,41,36,35,1.53,78,23.4,HIGH,SYNTHETIC_DEMO_DATA
2026-01-19 14:30:00,0,14,30,14.5,0,0,3,33,29,39,1.35,70,16.0,MEDIUM,SYNTHETIC_DEMO_DATA
2026-01-19 15:00:00,0,15,0,15.0,0,0,2,15,16,23,1.45,36,13.2,LOW,SYNTHETIC_DEMO_DATA
2026-01-19 15:30:00,0,15,30,15.5,0,0,1,14,12,14,1.45,30,23.2,LOW,SYNTHETIC_DEMO_DATA
2026-01-19 16:00:00,0,16,0,16.0,0,0,1,24,20,14,1.6,31,44.0,LOW,SYNTHETIC_DEMO_DATA
2026-01-19 16:30:00,0,16,30,16.5,0,0,4,44,38,39,1.67,81,19.7,HIGH,SYNTHETIC_DEMO_DATA
2026-01-19 17:00:00,0,17,0,17.0,0,0,5,37,32,44,1.78,75,14.7,HIGH,SYNTHETIC_DEMO_DATA
2026-01-19 17:30:00,0,17,30,17.5,0,0,4,47,39,38,1.73,83,22.8,HIGH,SYNTHETIC_DEMO_DATA
2026-01-19 18:00:00,0,18,0,18.0,0,0,2,21,18,25,1.66,40,20.3,MEDIUM,SYNTHETIC_DEMO_DATA
2026-01-19 18:30:00,0,18,30,18.5,0,0,1,33,29,17,1.25,49,48.7,MEDIUM,SYNTHETIC_DEMO_DATA
2026-01-19 19:00:00,0,19,0,19.0,0,0,2,3,3,16,1.41,16,2.9,LOW,SYNTHETIC_DEMO_DATA
2026-01-19 19:30:00,0,19,30,19.5,0,0,2,6,7,23,1.64,25,4.7,LOW,SYNTHETIC_DEMO_DATA
2026-01-20 08:00:00,1,8,0,8.0,0,0,1,24,23,12,1.65,32,46.2,LOW,SYNTHETIC_DEMO_DATA
2026-01-20 08:30:00,1,8,30,8.5,0,0,3,40,32,43,1.25,78,19.2,HIGH,SYNTHETIC_DEMO_DATA
2026-01-20 09:00:00,1,9,0,9.0,0,0,2,44,37,28,1.17,74,30.2,HIGH,SYNTHETIC_DEMO_DATA
2026-01-20 09:30:00,1,9,30,9.5,0,0,2,19,17,24,1.48,38,16.9,MEDIUM,SYNTHETIC_DEMO_DATA
2026-01-20 10:00:00,1,10,0,10.0,0,0,3,11,12,45,1.13,46,6.7,MEDIUM,SYNTHETIC_DEMO_DATA
2026-01-20 10:30:00,1,10,30,10.5,0,0,5,41,34,53,1.58,87,13.9,HIGH,SYNTHETIC_DEMO_DATA
2026-01-20 11:00:00,1,11,0,11.0,0,0,4,49,42,47,1.54,86,20.5,HIGH,SYNTHETIC_DEMO_DATA
2026-01-20 11:30:00,1,11,30,11.5,0,0,2,25,22,33,1.1,49,16.6,MEDIUM,SYNTHETIC_DEMO_DATA
2026-01-20 12:00:00,1,12,0,12.0,0,0,3,72,60,30,1.64,103,44.8,VERY HIGH,SYNTHETIC_DEMO_DATA
2026-01-20 12:30:00,1,12,30,12.5,0,0,4,52,43,44,1.54,98,23.1,VERY HIGH,SYNTHETIC_DEMO_DATA
2026-01-20 13:00:00,1,13,0,13.0,0,0,5,66,56,38,2.15,104,31.2,VERY HIGH,SYNTHETIC_DEMO_DATA
2026-01-20 13:30:00,1,13,30,13.5,0,0,5,59,50,43,1.91,100,25.3,VERY HIGH,SYNTHETIC_DEMO_DATA
2026-01-20 14:00:00,1,14,0,14.0,0,0,2,41,37,31,1.21,71,30.5,MEDIUM,SYNTHETIC_DEMO_DATA
2026-01-20 14:30:00,1,14,30,14.5,0,0,4,28,25,50,1.39,70,11.9,MEDIUM,SYNTHETIC_DEMO_DATA
2026-01-20 15:00:00,1,15,0,15.0,0,0,1,16,13,16,1.11,31,20.2,LOW,SYNTHETIC_DEMO_DATA
2026-01-20 15:30:00,1,15,30,15.5,0,0,1,21,19,14,1.36,33,31.7,LOW,SYNTHETIC_DEMO_DATA
2026-01-20 16:00:00,1,16,0,16.0,0,0,2,4,3,26,1.46,26,3.6,LOW,SYNTHETIC_DEMO_DATA
2026-01-20 16:30:00,1,16,30,16.5,0,0,5,36,33,48,1.69,79,13.5,HIGH,SYNTHETIC_DEMO_DATA
2026-01-20 17:00:00,1,17,0,17.0,0,0,4,42,38,43,1.65,79,19.1,HIGH,SYNTHETIC_DEMO_DATA
2026-01-20 17:30:00,1,17,30,17.5,0,0,4,35,29,40,1.86,75,18.8,HIGH,SYNTHETIC_DEMO_DATA
2026-01-20 18:00:00,1,18,0,18.0,0,0,1,30,27,18,1.31,40,45.8,MEDIUM,SYNTHETIC_DEMO_DATA
2026-01-20 18:30:00,1,18,30,18.5,0,0,1,31,27,15,1.32,46,48.0,MEDIUM,SYNTHETIC_DEMO_DATA
2026-01-20 19:00:00,1,19,0,19.0,0,0,1,5,7,13,1.45,20,10.6,LOW,SYNTHETIC_DEMO_DATA
2026-01-20 19:30:00,1,19,30,19.5,0,0,1,5,6,16,1.34,16,9.6,LOW,SYNTHETIC_DEMO_DATA
2026-01-21 08:00:00,2,8,0,8.0,0,0,2,22,19,26,1.31,42,15.9,MEDIUM,SYNTHETIC_DEMO_DATA
2026-01-21 08:30:00,2,8,30,8.5,0,0,3,46,39,35,1.52,76,26.8,HIGH,SYNTHETIC_DEMO_DATA
2026-01-21 09:00:00,2,9,0,9.0,0,0,2,49,42,27,1.21,77,36.3,HIGH,SYNTHETIC_DEMO_DATA
2026-01-21 09:30:00,2,9,30,9.5,0,0,1,25,21,18,1.27,42,36.2,MEDIUM,SYNTHETIC_DEMO_DATA
2026-01-21 10:00:00,2,10,0,10.0,0,0,1,26,24,14,1.45,37,43.1,MEDIUM,SYNTHETIC_DEMO_DATA
2026-01-21 10:30:00,2,10,30,10.5,0,0,4,54,46,38,1.94,89,28.9,HIGH,SYNTHETIC_DEMO_DATA
2026-01-21 11:00:00,2,11,0,11.0,0,0,3,66,56,28,2.09,89,52.1,HIGH,SYNTHETIC_DEMO_DATA
2026-01-21 11:30:00,2,11,30,11.5,0,0,3,15,14,38,1.41,48,6.6,MEDIUM,SYNTHETIC_DEMO_DATA
2026-01-21 12:00:00,2,12,0,12.0,0,0,5,51,44,53,1.65,101,19.8,VERY HIGH,SYNTHETIC_DEMO_DATA
2026-01-21 12:30:00,2,12,30,12.5,0,0,4,64,54,45,1.55,105,28.8,VERY HIGH,SYNTHETIC_DEMO_DATA
2026-01-21 13:00:00,2,13,0,13.0,0,0,5,51,44,58,1.47,103,17.1,VERY HIGH,SYNTHETIC_DEMO_DATA
2026-01-21 13:30:00,2,13,30,13.5,0,0,5,50,42,57,1.43,102,17.8,VERY HIGH,SYNTHETIC_DEMO_DATA
2026-01-21 14:00:00,2,14,0,14.0,0,0,3,32,29,47,1.03,74,14.1,HIGH,SYNTHETIC_DEMO_DATA
2026-01-21 14:30:00,2,14,30,14.5,0,0,2,44,38,25,1.35,70,33.8,MEDIUM,SYNTHETIC_DEMO_DATA
2026-01-21 15:00:00,2,15,0,15.0,0,0,2,15,15,26,1.42,37,11.6,MEDIUM,SYNTHETIC_DEMO_DATA
2026-01-21 15:30:00,2,15,30,15.5,0,0,1,14,15,17,1.15,25,19.6,LOW,SYNTHETIC_DEMO_DATA
2026-01-21 16:00:00,2,16,0,16.0,0,0,2,11,10,30,1.28,38,9.5,MEDIUM,SYNTHETIC_DEMO_DATA
2026-01-21 16:30:00,2,16,30,16.5,0,0,3,53,45,31,1.6,86,34.1,HIGH,SYNTHETIC_DEMO_DATA
2026-01-21 17:00:00,2,17,0,17.0,0,0,4,60,51,33,2.06,88,34.9,HIGH,SYNTHETIC_DEMO_DATA
2026-01-21 17:30:00,2,17,30,17.5,0,0,3,55,47,29,1.94,82,39.1,HIGH,SYNTHETIC_DEMO_DATA
2026-01-21 18:00:00,2,18,0,18.0,0,0,1,33,28,12,1.62,46,59.8,MEDIUM,SYNTHETIC_DEMO_DATA
2026-01-21 18:30:00,2,18,30,18.5,0,0,2,19,18,34,1.1,48,14.2,MEDIUM,SYNTHETIC_DEMO_DATA
2026-01-21 19:00:00,2,19,0,19.0,0,0,2,7,8,19,1.18,19,3.6,LOW,SYNTHETIC_DEMO_DATA
2026-01-21 19:30:00,2,19,30,19.5,0,0,1,3,4,15,1.14,15,3.0,LOW,SYNTHETIC_DEMO_DATA
2026-01-22 08:00:00,3,8,0,8.0,0,0,2,7,9,33,1.06,34,5.2,LOW,SYNTHETIC_DEMO_DATA
2026-01-22 08:30:00,3,8,30,8.5,0,0,2,47,39,29,1.34,72,37.8,MEDIUM,SYNTHETIC_DEMO_DATA
2026-01-22 09:00:00,3,9,0,9.0,0,0,3,42,36,39,1.43,74,22.6,HIGH,SYNTHETIC_DEMO_DATA
2026-01-22 09:30:00,3,9,30,9.5,0,0,1,23,19,19,1.19,37,32.4,MEDIUM,SYNTHETIC_DEMO_DATA
2026-01-22 10:00:00,3,10,0,10.0,0,0,1,32,26,19,1.3,47,48.1,MEDIUM,SYNTHETIC_DEMO_DATA
2026-01-22 10:30:00,3,10,30,10.5,0,0,4,48,38,46,1.5,87,20.1,HIGH,SYNTHETIC_DEMO_DATA
2026-01-22 11:00:00,3,11,0,11.0,0,0,5,44,36,48,1.79,87,17.1,HIGH,SYNTHETIC_DEMO_DATA
2026-01-22 11:30:00,3,11,30,11.5,0,0,3,18,17,35,1.45,47,10.1,MEDIUM,SYNTHETIC_DEMO_DATA
2026-01-22 12:00:00,3,12,0,12.0,0,0,5,52,42,56,1.55,99,20.4,VERY HIGH,SYNTHETIC_DEMO_DATA
2026-01-22 12:30:00,3,12,30,12.5,0,0,4,61,51,40,1.73,101,29.6,VERY HIGH,SYNTHETIC_DEMO_DATA
2026-01-22 13:00:00,3,13,0,13.0,0,0,4,72,60,35,1.86,104,36.4,VERY HIGH,SYNTHETIC_DEMO_DATA
2026-01-22 13:30:00,3,13,30,13.5,0,0,4,67,54,39,1.71,108,31.4,VERY HIGH,SYNTHETIC_DEMO_DATA
2026-01-22 14:00:00,3,14,0,14.0,0,0,2,49,41,26,1.64,72,45.7,MEDIUM,SYNTHETIC_DEMO_DATA
2026-01-22 14:30:00,3,14,30,14.5,0,0,4,24,20,55,1.22,71,11.1,MEDIUM,SYNTHETIC_DEMO_DATA
2026-01-22 15:00:00,3,15,0,15.0,0,0,2,6,8,25,1.56,29,5.8,LOW,SYNTHETIC_DEMO_DATA
2026-01-22 15:30:00,3,15,30,15.5,0,0,1,23,19,17,1.45,35,38.8,LOW,SYNTHETIC_DEMO_DATA
2026-01-22 16:00:00,3,16,0,16.0,0,0,2,9,11,22,1.54,28,8.7,LOW,SYNTHETIC_DEMO_DATA
2026-01-22 16:30:00,3,16,30,16.5,0,0,5,31,27,52,1.61,79,11.7,HIGH,SYNTHETIC_DEMO_DATA
2026-01-22 17:00:00,3,17,0,17.0,0,0,5,43,37,44,1.95,82,18.6,HIGH,SYNTHETIC_DEMO_DATA
2026-01-22 17:30:00,3,17,30,17.5,0,0,3,50,43,35,1.65,77,33.2,HIGH,SYNTHETIC_DEMO_DATA
2026-01-22 18:00:00,3,18,0,18.0,0,0,1,34,29,18,1.29,47,51.4,MEDIUM,SYNTHETIC_DEMO_DATA
2026-01-22 18:30:00,3,18,30,18.5,0,0,2,11,11,37,1.0,45,6.4,MEDIUM,SYNTHETIC_DEMO_DATA
2026-01-22 19:00:00,3,19,0,19.0,0,0,2,3,4,16,1.26,16,2.1,LOW,SYNTHETIC_DEMO_DATA
2026-01-22 19:30:00,3,19,30,19.5,0,0,2,8,8,23,1.58,23,7.0,LOW,SYNTHETIC_DEMO_DATA
2026-01-23 08:00:00,4,8,0,8.0,0,0,2,15,12,24,1.41,32,11.2,LOW,SYNTHETIC_DEMO_DATA
2026-01-23 08:30:00,4,8,30,8.5,0,0,4,36,32,47,1.44,75,13.9,HIGH,SYNTHETIC_DEMO_DATA
2026-01-23 09:00:00,4,9,0,9.0,0,0,2,48,42,32,1.23,72,33.7,MEDIUM,SYNTHETIC_DEMO_DATA
2026-01-23 09:30:00,4,9,30,9.5,0,0,2,24,22,26,1.47,44,20.2,MEDIUM,SYNTHETIC_DEMO_DATA
2026-01-23 10:00:00,4,10,0,10.0,0,0,1,26,22,21,1.17,40,36.8,MEDIUM,SYNTHETIC_DEMO_DATA
2026-01-23 10:30:00,4,10,30,10.5,0,0,3,54,44,37,1.53,86,31.4,HIGH,SYNTHETIC_DEMO_DATA
2026-01-23 11:00:00,4,11,0,11.0,0,0,4,53,44,44,1.65,89,24.2,HIGH,SYNTHETIC_DEMO_DATA
2026-01-23 11:30:00,4,11,30,11.5,0,0,3,17,14,41,1.23,52,7.9,MEDIUM,SYNTHETIC_DEMO_DATA
2026-01-23 12:00:00,4,12,0,12.0,0,0,4,63,51,50,1.41,105,24.7,VERY HIGH,SYNTHETIC_DEMO_DATA
2026-01-23 12:30:00,4,12,30,12.5,0,0,4,67,57,34,1.86,104,34.6,VERY HIGH,SYNTHETIC_DEMO_DATA
2026-01-23 13:00:00,4,13,0,13.0,0,0,3,74,60,26,1.91,102,53.0,VERY HIGH,SYNTHETIC_DEMO_DATA
2026-01-23 13:30:00,4,13,30,13.5,0,0,5,60,50,46,1.82,103,25.1,VERY HIGH,SYNTHETIC_DEMO_DATA
2026-01-23 14:00:00,4,14,0,14.0,0,0,3,29,25,50,1.02,69,12.1,MEDIUM,SYNTHETIC_DEMO_DATA
2026-01-23 14:30:00,4,14,30,14.5,0,0,3,47,38,31,1.66,76,27.9,HIGH,SYNTHETIC_DEMO_DATA
2026-01-23 15:00:00,4,15,0,15.0,0,0,3,11,11,39,1.32,39,6.2,MEDIUM,SYNTHETIC_DEMO_DATA
2026-01-23 15:30:00,4,15,30,15.5,0,0,1,16,13,15,1.32,30,24.3,LOW,SYNTHETIC_DEMO_DATA
2026-01-23 16:00:00,4,16,0,16.0,0,0,2,2,4,24,1.34,25,1.3,LOW,SYNTHETIC_DEMO_DATA
2026-01-23 16:30:00,4,16,30,16.5,0,0,4,42,37,42,1.6,86,19.2,HIGH,SYNTHETIC_DEMO_DATA
2026-01-23 17:00:00,4,17,0,17.0,0,0,3,51,44,34,1.56,82,28.5,HIGH,SYNTHETIC_DEMO_DATA
2026-01-23 17:30:00,4,17,30,17.5,0,0,4,37,33,44,1.58,80,15.4,HIGH,SYNTHETIC_DEMO_DATA
2026-01-23 18:00:00,4,18,0,18.0,0,0,2,20,19,23,1.51,40,17.0,MEDIUM,SYNTHETIC_DEMO_DATA
2026-01-23 18:30:00,4,18,30,18.5,0,0,1,25,23,18,0.95,43,28.7,MEDIUM,SYNTHETIC_DEMO_DATA
2026-01-23 19:00:00,4,19,0,19.0,0,0,3,7,7,20,1.23,20,4.4,LOW,SYNTHETIC_DEMO_DATA
2026-01-23 19:30:00,4,19,30,19.5,0,0,2,1,4,21,1.49,21,1.5,LOW,SYNTHETIC_DEMO_DATA
2026-01-24 08:00:00,5,8,0,8.0,0,0,1,6,7,16,1.37,21,9.5,LOW,SYNTHETIC_DEMO_DATA
2026-01-24 08:30:00,5,8,30,8.5,0,0,2,6,8,18,1.48,18,5.8,LOW,SYNTHETIC_DEMO_DATA
2026-01-24 09:00:00,5,9,0,9.0,0,0,1,10,11,17,1.52,21,19.1,LOW,SYNTHETIC_DEMO_DATA
2026-01-24 09:30:00,5,9,30,9.5,0,0,2,6,8,18,1.23,18,3.4,LOW,SYNTHETIC_DEMO_DATA
2026-01-24 10:00:00,5,10,0,10.0,0,0,1,7,6,18,1.28,21,10.1,LOW,SYNTHETIC_DEMO_DATA
2026-01-24 10:30:00,5,10,30,10.5,0,0,1,6,8,15,1.57,20,10.8,LOW,SYNTHETIC_DEMO_DATA
2026-01-24 11:00:00,5,11,0,11.0,0,0,3,8,7,21,1.24,21,3.5,LOW,SYNTHETIC_DEMO_DATA
2026-01-24 11:30:00,5,11,30,11.5,0,0,3,6,5,26,1.26,26,2.8,LOW,SYNTHETIC_DEMO_DATA
2026-01-24 12:00:00,5,12,0,12.0,0,0,1,33,30,15,1.64,45,61.8,MEDIUM,SYNTHETIC_DEMO_DATA
2026-01-24 12:30:00,5,12,30,12.5,0,0,1,22,20,19,1.08,40,28.9,MEDIUM,SYNTHETIC_DEMO_DATA
2026-01-24 13:00:00,5,13,0,13.0,0,0,1,32,26,13,1.44,48,51.9,MEDIUM,SYNTHETIC_DEMO_DATA
2026-01-24 13:30:00,5,13,30,13.5,0,0,3,1,3,41,1.19,41,1.2,MEDIUM,SYNTHETIC_DEMO_DATA
2026-01-24 14:00:00,5,14,0,14.0,0,0,1,39,33,18,1.18,54,55.0,MEDIUM,SYNTHETIC_DEMO_DATA
2026-01-24 14:30:00,5,14,30,14.5,0,0,1,17,15,21,1.12,24,21.6,LOW,SYNTHETIC_DEMO_DATA
2026-01-24 15:00:00,5,15,0,15.0,0,0,2,6,8,25,1.43,27,5.5,LOW,SYNTHETIC_DEMO_DATA
2026-01-24 15:30:00,5,15,30,15.5,0,0,3,8,9,25,1.14,25,3.7,LOW,SYNTHETIC_DEMO_DATA
2026-01-24 16:00:00,5,16,0,16.0,0,0,2,1,3,22,1.23,22,1.0,LOW,SYNTHETIC_DEMO_DATA
2026-01-24 16:30:00,5,16,30,16.5,0,0,2,10,9,26,1.29,30,7.6,LOW,SYNTHETIC_DEMO_DATA
2026-01-24 17:00:00,5,17,0,17.0,0,0,2,6,7,25,1.55,25,6.3,LOW,SYNTHETIC_DEMO_DATA
2026-01-24 17:30:00,5,17,30,17.5,0,0,2,9,8,27,1.31,33,7.2,LOW,SYNTHETIC_DEMO_DATA
2026-01-24 18:00:00,5,18,0,18.0,0,0,1,11,9,16,1.51,23,19.5,LOW,SYNTHETIC_DEMO_DATA
2026-01-24 18:30:00,5,18,30,18.5,0,0,1,19,18,17,1.48,28,33.2,LOW,SYNTHETIC_DEMO_DATA
2026-01-24 19:00:00,5,19,0,19.0,0,0,1,14,13,14,1.54,27,24.8,LOW,SYNTHETIC_DEMO_DATA
2026-01-24 19:30:00,5,19,30,19.5,0,0,1,8,7,17,1.25,25,11.9,LOW,SYNTHETIC_DEMO_DATA
2026-01-25 08:00:00,6,8,0,8.0,1,0,1,17,15,13,1.52,28,29.0,LOW,SYNTHETIC_DEMO_DATA
2026-01-25 08:30:00,6,8,30,8.5,1,0,3,8,8,29,1.24,29,3.8,LOW,SYNTHETIC_DEMO_DATA
2026-01-25 09:00:00,6,9,0,9.0,1,0,3,5,7,28,1.13,28,3.4,LOW,SYNTHETIC_DEMO_DATA
2026-01-25 09:30:00,6,9,30,9.5,1,0,1,20,16,16,1.53,26,35.6,LOW,SYNTHETIC_DEMO_DATA
2026-01-25 10:00:00,6,10,0,10.0,1,0,2,6,7,28,1.17,29,5.5,LOW,SYNTHETIC_DEMO_DATA
2026-01-25 10:30:00,6,10,30,10.5,1,0,1,11,11,12,1.51,23,19.0,LOW,SYNTHETIC_DEMO_DATA
2026-01-25 11:00:00,6,11,0,11.0,1,0,1,10,9,16,1.55,22,17.8,LOW,SYNTHETIC_DEMO_DATA
2026-01-25 11:30:00,6,11,30,11.5,1,0,1,9,11,14,1.55,22,16.0,LOW,SYNTHETIC_DEMO_DATA
2026-01-25 12:00:00,6,12,0,12.0,1,0,1,33,30,13,1.38,47,53.6,MEDIUM,SYNTHETIC_DEMO_DATA
2026-01-25 12:30:00,6,12,30,12.5,1,0,1,38,30,12,1.71,46,73.2,MEDIUM,SYNTHETIC_DEMO_DATA
2026-01-25 13:00:00,6,13,0,13.0,1,0,3,19,16,35,1.57,50,12.1,MEDIUM,SYNTHETIC_DEMO_DATA
2026-01-25 13:30:00,6,13,30,13.5,1,0,1,31,27,16,1.38,44,50.0,MEDIUM,SYNTHETIC_DEMO_DATA
2026-01-25 14:00:00,6,14,0,14.0,1,0,1,32,29,17,1.13,44,43.2,MEDIUM,SYNTHETIC_DEMO_DATA
2026-01-25 14:30:00,6,14,30,14.5,1,0,2,9,10,21,1.73,24,8.2,LOW,SYNTHETIC_DEMO_DATA
2026-01-25 15:00:00,6,15,0,15.0,1,0,2,7,7,27,1.19,27,3.9,LOW,SYNTHETIC_DEMO_DATA
2026-01-25 15:30:00,6,15,30,15.5,1,0,1,13,11,16,1.32,26,19.8,LOW,SYNTHETIC_DEMO_DATA
2026-01-25 16:00:00,6,16,0,16.0,1,0,1,12,10,15,1.26,28,16.7,LOW,SYNTHETIC_DEMO_DATA
2026-01-25 16:30:00,6,16,30,16.5,1,0,1,15,12,22,0.88,25,16.8,LOW,SYNTHETIC_DEMO_DATA
2026-01-25 17:00:00,6,17,0,17.0,1,0,2,9,10,26,1.45,26,7.2,LOW,SYNTHETIC_DEMO_DATA
2026-01-25 17:30:00,6,17,30,17.5,1,0,1,14,13,15,1.38,25,23.8,LOW,SYNTHETIC_DEMO_DATA
2026-01-25 18:00:00,6,18,0,18.0,1,0,2,7,7,26,1.36,26,6.2,LOW,SYNTHETIC_DEMO_DATA
2026-01-25 18:30:00,6,18,30,18.5,1,0,1,12,13,16,1.32,24,17.8,LOW,SYNTHETIC_DEMO_DATA
2026-01-25 19:00:00,6,19,0,19.0,1,0,3,6,6,26,1.39,26,2.8,LOW,SYNTHETIC_DEMO_DATA
2026-01-25 19:30:00,6,19,30,19.5,1,0,2,1,4,27,1.17,27,1.3,LOW,SYNTHETIC_DEMO_DATA
2026-01-26 08:00:00,0,8,0,8.0,0,0,1,29,24,18,1.17,42,39.7,MEDIUM,SYNTHETIC_DEMO_DATA
2026-01-26 08:30:00,0,8,30,8.5,0,0,2,51,41,28,1.46,78,44.0,HIGH,SYNTHETIC_DEMO_DATA
2026-01-26 09:00:00,0,9,0,9.0,0,0,3,35,29,39,1.38,70,18.7,MEDIUM,SYNTHETIC_DEMO_DATA
2026-01-26 09:30:00,0,9,30,9.5,0,0,1,29,23,22,1.01,50,34.8,MEDIUM,SYNTHETIC_DEMO_DATA
2026-01-26 10:00:00,0,10,0,10.0,0,0,3,10,9,35,1.46,39,5.9,MEDIUM,SYNTHETIC_DEMO_DATA
2026-01-26 10:30:00,0,10,30,10.5,0,0,4,49,42,38,1.73,84,23.8,HIGH,SYNTHETIC_DEMO_DATA
2026-01-26 11:00:00,0,11,0,11.0,0,0,3,66,53,32,1.67,94,42.1,HIGH,SYNTHETIC_DEMO_DATA
2026-01-26 11:30:00,0,11,30,11.5,0,0,2,28,24,25,1.63,51,26.3,MEDIUM,SYNTHETIC_DEMO_DATA
2026-01-26 12:00:00,0,12,0,12.0,0,0,4,62,52,37,1.75,100,30.0,VERY HIGH,SYNTHETIC_DEMO_DATA
2026-01-26 12:30:00,0,12,30,12.5,0,0,5,45,38,59,1.42,99,15.7,VERY HIGH,SYNTHETIC_DEMO_DATA
2026-01-26 13:00:00,0,13,0,13.0,0,0,4,61,50,38,1.88,95,30.5,HIGH,SYNTHETIC_DEMO_DATA
2026-01-26 13:30:00,0,13,30,13.5,0,0,5,51,42,49,1.59,99,17.6,VERY HIGH,SYNTHETIC_DEMO_DATA
2026-01-26 14:00:00,0,14,0,14.0,0,0,4,26,23,46,1.47,70,12.6,MEDIUM,SYNTHETIC_DEMO_DATA
2026-01-26 14:30:00,0,14,30,14.5,0,0,3,37,33,34,1.52,68,22.2,MEDIUM,SYNTHETIC_DEMO_DATA
2026-01-26 15:00:00,0,15,0,15.0,0,0,2,3,6,25,1.35,25,2.0,LOW,SYNTHETIC_DEMO_DATA
2026-01-26 15:30:00,0,15,30,15.5,0,0,1,21,18,16,1.48,31,35.9,LOW,SYNTHETIC_DEMO_DATA
2026-01-26 16:00:00,0,16,0,16.0,0,0,1,22,19,14,1.56,33,39.9,LOW,SYNTHETIC_DEMO_DATA
2026-01-26 16:30:00,0,16,30,16.5,0,0,3,43,35,38,1.24,84,19.8,HIGH,SYNTHETIC_DEMO_DATA
2026-01-26 17:00:00,0,17,0,17.0,0,0,4,42,35,44,1.49,84,18.7,HIGH,SYNTHETIC_DEMO_DATA
2026-01-26 17:30:00,0,17,30,17.5,0,0,3,58,50,33,1.8,85,38.8,HIGH,SYNTHETIC_DEMO_DATA
2026-01-26 18:00:00,0,18,0,18.0,0,0,2,23,21,25,1.61,44,21.3,MEDIUM,SYNTHETIC_DEMO_DATA
2026-01-26 18:30:00,0,18,30,18.5,0,0,2,25,21,30,1.25,48,17.0,MEDIUM,SYNTHETIC_DEMO_DATA
2026-01-26 19:00:00,0,19,0,19.0,0,0,2,1,5,19,1.4,19,1.5,LOW,SYNTHETIC_DEMO_DATA
2026-01-26 19:30:00,0,19,30,19.5,0,0,1,15,15,17,1.53,25,27.1,LOW,SYNTHETIC_DEMO_DATA
2026-01-27 08:00:00,1,8,0,8.0,0,0,1,22,22,19,1.24,39,31.8,MEDIUM,SYNTHETIC_DEMO_DATA
2026-01-27 08:30:00,1,8,30,8.5,0,0,3,49,41,33,1.52,81,28.8,HIGH,SYNTHETIC_DEMO_DATA
2026-01-27 09:00:00,1,9,0,9.0,0,0,3,47,39,36,1.5,79,27.1,HIGH,SYNTHETIC_DEMO_DATA
2026-01-27 09:30:00,1,9,30,9.5,0,0,3,15,15,35,1.59,42,8.7,MEDIUM,SYNTHETIC_DEMO_DATA
2026-01-27 10:00:00,1,10,0,10.0,0,0,2,17,17,27,1.26,43,12.6,MEDIUM,SYNTHETIC_DEMO_DATA
2026-01-27 10:30:00,1,10,30,10.5,0,0,5,36,30,55,1.52,82,12.9,HIGH,SYNTHETIC_DEMO_DATA
2026-01-27 11:00:00,1,11,0,11.0,0,0,5,48,40,47,1.75,92,18.3,HIGH,SYNTHETIC_DEMO_DATA
2026-01-27 11:30:00,1,11,30,11.5,0,0,3,15,12,48,1.08,56,7.6,MEDIUM,SYNTHETIC_DEMO_DATA
2026-01-27 12:00:00,1,12,0,12.0,0,0,4,54,45,51,1.39,100,21.4,VERY HIGH,SYNTHETIC_DEMO_DATA
2026-01-27 12:30:00,1,12,30,12.5,0,0,4,71,60,34,1.91,108,36.6,VERY HIGH,SYNTHETIC_DEMO_DATA
2026-01-27 13:00:00,1,13,0,13.0,0,0,4,53,46,42,1.53,98,23.2,VERY HIGH,SYNTHETIC_DEMO_DATA
2026-01-27 13:30:00,1,13,30,13.5,0,0,4,62,51,41,1.59,108,27.1,VERY HIGH,SYNTHETIC_DEMO_DATA
2026-01-27 14:00:00,1,14,0,14.0,0,0,2,44,39,33,1.09,71,27.8,MEDIUM,SYNTHETIC_DEMO_DATA
2026-01-27 14:30:00,1,14,30,14.5,0,0,2,50,43,25,1.38,71,40.9,MEDIUM,SYNTHETIC_DEMO_DATA
2026-01-27 15:00:00,1,15,0,15.0,0,0,2,5,5,32,1.14,34,4.2,LOW,SYNTHETIC_DEMO_DATA
2026-01-27 15:30:00,1,15,30,15.5,0,0,2,12,11,24,1.4,30,10.7,LOW,SYNTHETIC_DEMO_DATA
2026-01-27 16:00:00,1,16,0,16.0,0,0,1,13,14,14,1.44,24,22.6,LOW,SYNTHETIC_DEMO_DATA
2026-01-27 16:30:00,1,16,30,16.5,0,0,4,41,34,41,1.67,78,19.9,HIGH,SYNTHETIC_DEMO_DATA
2026-01-27 17:00:00,1,17,0,17.0,0,0,4,57,46,34,1.95,89,29.9,HIGH,SYNTHETIC_DEMO_DATA
2026-01-27 17:30:00,1,17,30,17.5,0,0,3,52,43,28,1.8,83,34.2,HIGH,SYNTHETIC_DEMO_DATA
2026-01-27 18:00:00,1,18,0,18.0,0,0,2,26,21,32,1.22,46,19.3,MEDIUM,SYNTHETIC_DEMO_DATA
2026-01-27 18:30:00,1,18,30,18.5,0,0,2,26,22,27,1.43,48,21.9,MEDIUM,SYNTHETIC_DEMO_DATA
2026-01-27 19:00:00,1,19,0,19.0,0,0,2,5,8,24,1.51,24,4.3,LOW,SYNTHETIC_DEMO_DATA
2026-01-27 19:30:00,1,19,30,19.5,0,0,1,5,7,14,1.4,14,9.3,LOW,SYNTHETIC_DEMO_DATA
2026-01-28 08:00:00,2,8,0,8.0,0,0,2,6,7,28,1.47,30,3.7,LOW,SYNTHETIC_DEMO_DATA
2026-01-28 08:30:00,2,8,30,8.5,0,0,2,44,35,34,1.03,75,25.5,HIGH,SYNTHETIC_DEMO_DATA
2026-01-28 09:00:00,2,9,0,9.0,0,0,3,43,35,30,1.61,75,25.6,HIGH,SYNTHETIC_DEMO_DATA
2026-01-28 09:30:00,2,9,30,9.5,0,0,2,19,16,30,1.16,43,13.8,MEDIUM,SYNTHETIC_DEMO_DATA
2026-01-28 10:00:00,2,10,0,10.0,0,0,2,7,7,32,1.2,36,5.5,LOW,SYNTHETIC_DEMO_DATA
2026-01-28 10:30:00,2,10,30,10.5,0,0,5,43,36,45,1.88,84,18.2,HIGH,SYNTHETIC_DEMO_DATA
2026-01-28 11:00:00,2,11,0,11.0,0,0,4,43,38,45,1.55,86,19.0,HIGH,SYNTHETIC_DEMO_DATA
2026-01-28 11:30:00,2,11,30,11.5,0,0,3,26,21,39,1.38,52,12.8,MEDIUM,SYNTHETIC_DEMO_DATA
2026-01-28 12:00:00,2,12,0,12.0,0,0,3,70,57,32,1.53,104,41.8,VERY HIGH,SYNTHETIC_DEMO_DATA
2026-01-28 12:30:00,2,12,30,12.5,0,0,4,63,52,39,1.78,101,31.0,VERY HIGH,SYNTHETIC_DEMO_DATA
2026-01-28 13:00:00,2,13,0,13.0,0,0,3,64,53,33,1.6,96,38.9,HIGH,SYNTHETIC_DEMO_DATA
2026-01-28 13:30:00,2,13,30,13.5,0,0,4,56,47,51,1.28,107,21.3,VERY HIGH,SYNTHETIC_DEMO_DATA
2026-01-28 14:00:00,2,14,0,14.0,0,0,3,42,34,34,1.52,73,23.4,HIGH,SYNTHETIC_DEMO_DATA
2026-01-28 14:30:00,2,14,30,14.5,0,0,2,48,39,30,1.2,73,33.5,HIGH,SYNTHETIC_DEMO_DATA
2026-01-28 15:00:00,2,15,0,15.0,0,0,2,8,9,28,1.34,29,5.9,LOW,SYNTHETIC_DEMO_DATA
2026-01-28 15:30:00,2,15,30,15.5,0,0,1,16,16,17,1.5,26,29.4,LOW,SYNTHETIC_DEMO_DATA
2026-01-28 16:00:00,2,16,0,16.0,0,0,1,19,16,17,1.57,30,35.0,LOW,SYNTHETIC_DEMO_DATA
2026-01-28 16:30:00,2,16,30,16.5,0,0,3,57,49,27,1.88,81,39.4,HIGH,SYNTHETIC_DEMO_DATA
2026-01-28 17:00:00,2,17,0,17.0,0,0,5,30,24,62,1.3,85,8.6,HIGH,SYNTHETIC_DEMO_DATA
2026-01-28 17:30:00,2,17,30,17.5,0,0,5,36,30,43,1.94,80,16.0,HIGH,SYNTHETIC_DEMO_DATA
2026-01-28 18:00:00,2,18,0,18.0,0,0,1,34,30,18,1.32,43,52.2,MEDIUM,SYNTHETIC_DEMO_DATA
2026-01-28 18:30:00,2,18,30,18.5,0,0,1,35,30,11,1.73,45,68.6,MEDIUM,SYNTHETIC_DEMO_DATA
2026-01-28 19:00:00,2,19,0,19.0,0,0,2,7,8,21,1.61,22,7.1,LOW,SYNTHETIC_DEMO_DATA
2026-01-28 19:30:00,2,19,30,19.5,0,0,2,6,8,25,1.62,25,5.5,LOW,SYNTHETIC_DEMO_DATA
2026-01-29 08:00:00,3,8,0,8.0,0,0,2,17,16,27,1.41,36,14.2,LOW,SYNTHETIC_DEMO_DATA
2026-01-29 08:30:00,3,8,30,8.5,0,0,3,34,28,43,1.13,76,14.6,HIGH,SYNTHETIC_DEMO_DATA
2026-01-29 09:00:00,3,9,0,9.0,0,0,4,20,16,61,1.1,75,6.5,HIGH,SYNTHETIC_DEMO_DATA
2026-01-29 09:30:00,3,9,30,9.5,0,0,2,20,19,27,1.27,45,15.8,MEDIUM,SYNTHETIC_DEMO_DATA
2026-01-29 10:00:00,3,10,0,10.0,0,0,1,26,24,14,1.45,41,43.2,MEDIUM,SYNTHETIC_DEMO_DATA
2026-01-29 10:30:00,3,10,30,10.5,0,0,4,47,41,36,1.81,81,24.3,HIGH,SYNTHETIC_DEMO_DATA
2026-01-29 11:00:00,3,11,0,11.0,0,0,4,48,39,40,1.6,88,21.6,HIGH,SYNTHETIC_DEMO_DATA
2026-01-29 11:30:00,3,11,30,11.5,0,0,3,20,17,39,1.44,50,10.8,MEDIUM,SYNTHETIC_DEMO_DATA
2026-01-29 12:00:00,3,12,0,12.0,0,0,5,57,48,43,1.83,101,23.8,VERY HIGH,SYNTHETIC_DEMO_DATA
2026-01-29 12:30:00,3,12,30,12.5,0,0,5,55,44,53,1.55,107,19.1,VERY HIGH,SYNTHETIC_DEMO_DATA
2026-01-29 13:00:00,3,13,0,13.0,0,0,4,65,52,37,1.96,103,35.7,VERY HIGH,SYNTHETIC_DEMO_DATA
2026-01-29 13:30:00,3,13,30,13.5,0,0,3,77,64,31,1.81,107,52.7,VERY HIGH,SYNTHETIC_DEMO_DATA
2026-01-29 14:00:00,3,14,0,14.0,0,0,3,46,38,33,1.54,72,26.4,MEDIUM,SYNTHETIC_DEMO_DATA
2026-01-29 14:30:00,3,14,30,14.5,0,0,4,32,26,51,1.38,74,11.0,HIGH,SYNTHETIC_DEMO_DATA
2026-01-29 15:00:00,3,15,0,15.0,0,0,2,13,13,26,1.51,33,10.9,LOW,SYNTHETIC_DEMO_DATA
2026-01-29 15:30:00,3,15,30,15.5,0,0,1,25,23,17,1.32,33,38.8,LOW,SYNTHETIC_DEMO_DATA
2026-01-29 16:00:00,3,16,0,16.0,0,0,2,3,5,28,1.26,28,2.8,LOW,SYNTHETIC_DEMO_DATA
2026-01-29 16:30:00,3,16,30,16.5,0,0,3,60,51,32,1.79,85,40.7,HIGH,SYNTHETIC_DEMO_DATA
2026-01-29 17:00:00,3,17,0,17.0,0,0,4,44,37,37,1.8,82,21.9,HIGH,SYNTHETIC_DEMO_DATA
2026-01-29 17:30:00,3,17,30,17.5,0,0,4,46,37,37,1.84,82,23.4,HIGH,SYNTHETIC_DEMO_DATA
2026-01-29 18:00:00,3,18,0,18.0,0,0,2,23,19,32,1.21,47,16.9,MEDIUM,SYNTHETIC_DEMO_DATA
2026-01-29 18:30:00,3,18,30,18.5,0,0,2,25,24,24,1.39,45,19.9,MEDIUM,SYNTHETIC_DEMO_DATA
2026-01-29 19:00:00,3,19,0,19.0,0,0,3,7,6,21,1.5,21,3.9,LOW,SYNTHETIC_DEMO_DATA
2026-01-29 19:30:00,3,19,30,19.5,0,0,3,5,4,22,1.41,22,2.1,LOW,SYNTHETIC_DEMO_DATA
2026-01-30 08:00:00,4,8,0,8.0,0,0,1,16,16,18,1.07,35,20.7,LOW,SYNTHETIC_DEMO_DATA
2026-01-30 08:30:00,4,8,30,8.5,0,0,2,43,37,27,1.21,72,29.6,MEDIUM,SYNTHETIC_DEMO_DATA
2026-01-30 09:00:00,4,9,0,9.0,0,0,2,54,44,26,1.25,79,38.9,HIGH,SYNTHETIC_DEMO_DATA
2026-01-30 09:30:00,4,9,30,9.5,0,0,2,10,10,28,1.32,33,8.1,LOW,SYNTHETIC_DEMO_DATA
2026-01-30 10:00:00,4,10,0,10.0,0,0,1,25,22,17,1.17,42,34.7,MEDIUM,SYNTHETIC_DEMO_DATA
2026-01-30 10:30:00,4,10,30,10.5,0,0,4,40,35,54,1.28,82,15.6,HIGH,SYNTHETIC_DEMO_DATA
2026-01-30 11:00:00,4,11,0,11.0,0,0,5,31,27,62,1.35,88,9.3,HIGH,SYNTHETIC_DEMO_DATA
2026-01-30 11:30:00,4,11,30,11.5,0,0,4,11,10,38,1.09,38,3.3,MEDIUM,SYNTHETIC_DEMO_DATA
2026-01-30 12:00:00,4,12,0,12.0,0,0,3,76,63,32,1.65,108,46.0,VERY HIGH,SYNTHETIC_DEMO_DATA
2026-01-30 12:30:00,4,12,30,12.5,0,0,4,64,52,38,1.82,97,31.4,VERY HIGH,SYNTHETIC_DEMO_DATA
2026-01-30 13:00:00,4,13,0,13.0,0,0,3,68,56,37,1.55,100,39.5,VERY HIGH,SYNTHETIC_DEMO_DATA
2026-01-30 13:30:00,4,13,30,13.5,0,0,3,74,61,28,1.78,102,48.6,VERY HIGH,SYNTHETIC_DEMO_DATA
2026-01-30 14:00:00,4,14,0,14.0,0,0,3,43,35,36,1.38,76,21.9,HIGH,SYNTHETIC_DEMO_DATA
2026-01-30 14:30:00,4,14,30,14.5,0,0,2,48,41,24,1.45,70,40.9,MEDIUM,SYNTHETIC_DEMO_DATA
2026-01-30 15:00:00,4,15,0,15.0,0,0,1,12,10,16,1.24,22,17.4,LOW,SYNTHETIC_DEMO_DATA
2026-01-30 15:30:00,4,15,30,15.5,0,0,3,4,6,28,1.22,28,1.0,LOW,SYNTHETIC_DEMO_DATA
2026-01-30 16:00:00,4,16,0,16.0,0,0,2,7,6,20,1.26,20,4.9,LOW,SYNTHETIC_DEMO_DATA
2026-01-30 16:30:00,4,16,30,16.5,0,0,4,41,35,45,1.5,79,17.7,HIGH,SYNTHETIC_DEMO_DATA
2026-01-30 17:00:00,4,17,0,17.0,0,0,5,32,26,44,2.01,73,13.9,HIGH,SYNTHETIC_DEMO_DATA
2026-01-30 17:30:00,4,17,30,17.5,0,0,4,42,37,43,1.54,83,17.6,HIGH,SYNTHETIC_DEMO_DATA
2026-01-30 18:00:00,4,18,0,18.0,0,0,2,24,21,29,1.41,44,18.7,MEDIUM,SYNTHETIC_DEMO_DATA
2026-01-30 18:30:00,4,18,30,18.5,0,0,1,30,27,15,1.32,43,47.4,MEDIUM,SYNTHETIC_DEMO_DATA
2026-01-30 19:00:00,4,19,0,19.0,0,0,3,6,6,20,1.34,20,3.3,LOW,SYNTHETIC_DEMO_DATA
2026-01-30 19:30:00,4,19,30,19.5,0,0,2,3,4,16,1.56,16,3.6,LOW,SYNTHETIC_DEMO_DATA
2026-01-31 08:00:00,5,8,0,8.0,0,0,3,1,1,29,1.62,29,1.0,LOW,SYNTHETIC_DEMO_DATA
2026-01-31 08:30:00,5,8,30,8.5,0,0,2,6,5,22,1.12,22,3.8,LOW,SYNTHETIC_DEMO_DATA
2026-01-31 09:00:00,5,9,0,9.0,0,0,1,14,13,17,1.14,27,19.6,LOW,SYNTHETIC_DEMO_DATA
2026-01-31 09:30:00,5,9,30,9.5,0,0,2,13,14,30,1.28,34,11.3,LOW,SYNTHETIC_DEMO_DATA
2026-01-31 10:00:00,5,10,0,10.0,0,0,1,12,12,13,1.66,22,23.4,LOW,SYNTHETIC_DEMO_DATA
2026-01-31 10:30:00,5,10,30,10.5,0,0,1,14,12,18,1.26,23,20.4,LOW,SYNTHETIC_DEMO_DATA
2026-01-31 11:00:00,5,11,0,11.0,0,0,1,9,9,14,1.4,18,13.6,LOW,SYNTHETIC_DEMO_DATA
2026-01-31 11:30:00,5,11,30,11.5,0,0,3,8,9,26,1.17,26,3.2,LOW,SYNTHETIC_DEMO_DATA
2026-01-31 12:00:00,5,12,0,12.0,0,0,2,26,22,21,1.58,47,24.0,MEDIUM,SYNTHETIC_DEMO_DATA
2026-01-31 12:30:00,5,12,30,12.5,0,0,1,32,26,18,1.44,48,54.5,MEDIUM,SYNTHETIC_DEMO_DATA
2026-01-31 13:00:00,5,13,0,13.0,0,0,1,40,32,13,1.46,52,68.1,MEDIUM,SYNTHETIC_DEMO_DATA
2026-01-31 13:30:00,5,13,30,13.5,0,0,3,5,4,33,1.45,39,2.1,MEDIUM,SYNTHETIC_DEMO_DATA
2026-01-31 14:00:00,5,14,0,14.0,0,0,1,29,26,13,1.69,44,56.0,MEDIUM,SYNTHETIC_DEMO_DATA
2026-01-31 14:30:00,5,14,30,14.5,0,0,1,13,14,14,1.43,27,21.0,LOW,SYNTHETIC_DEMO_DATA
2026-01-31 15:00:00,5,15,0,15.0,0,0,2,4,6,19,0.84,19,1.4,LOW,SYNTHETIC_DEMO_DATA
2026-01-31 15:30:00,5,15,30,15.5,0,0,1,7,8,18,0.95,22,9.0,LOW,SYNTHETIC_DEMO_DATA
2026-01-31 16:00:00,5,16,0,16.0,0,0,1,5,6,16,1.23,16,7.7,LOW,SYNTHETIC_DEMO_DATA
2026-01-31 16:30:00,5,16,30,16.5,0,0,1,14,14,15,1.22,25,20.7,LOW,SYNTHETIC_DEMO_DATA
2026-01-31 17:00:00,5,17,0,17.0,0,0,1,14,14,20,0.98,28,17.6,LOW,SYNTHETIC_DEMO_DATA
2026-01-31 17:30:00,5,17,30,17.5,0,0,1,17,16,14,1.3,24,25.4,LOW,SYNTHETIC_DEMO_DATA
2026-01-31 18:00:00,5,18,0,18.0,0,0,1,6,8,17,1.28,21,9.4,LOW,SYNTHETIC_DEMO_DATA
2026-01-31 18:30:00,5,18,30,18.5,0,0,2,1,3,26,1.07,26,1.5,LOW,SYNTHETIC_DEMO_DATA
2026-01-31 19:00:00,5,19,0,19.0,0,0,2,13,14,21,1.64,26,12.0,LOW,SYNTHETIC_DEMO_DATA
2026-01-31 19:30:00,5,19,30,19.5,0,0,2,3,6,22,1.58,26,2.2,LOW,SYNTHETIC_DEMO_DATA
2026-02-01 08:00:00,6,8,0,8.0,1,0,2,9,9,21,1.57,25,6.8,LOW,SYNTHETIC_DEMO_DATA
2026-02-01 08:30:00,6,8,30,8.5,1,0,1,22,21,17,1.23,32,32.8,LOW,SYNTHETIC_DEMO_DATA
2026-02-01 09:00:00,6,9,0,9.0,1,0,3,6,7,23,1.5,23,3.3,LOW,SYNTHETIC_DEMO_DATA
2026-02-01 09:30:00,6,9,30,9.5,1,0,1,15,14,16,1.14,27,19.1,LOW,SYNTHETIC_DEMO_DATA
2026-02-01 10:00:00,6,10,0,10.0,1,0,2,0,0,24,1.13,24,1.0,LOW,SYNTHETIC_DEMO_DATA
2026-02-01 10:30:00,6,10,30,10.5,1,0,1,12,13,15,1.41,21,19.9,LOW,SYNTHETIC_DEMO_DATA
2026-02-01 11:00:00,6,11,0,11.0,1,0,1,8,10,13,1.59,18,15.2,LOW,SYNTHETIC_DEMO_DATA
2026-02-01 11:30:00,6,11,30,11.5,1,0,1,14,12,18,1.26,26,21.0,LOW,SYNTHETIC_DEMO_DATA
2026-02-01 12:00:00,6,12,0,12.0,1,0,1,32,27,19,1.3,48,48.4,MEDIUM,SYNTHETIC_DEMO_DATA
2026-02-01 12:30:00,6,12,30,12.5,1,0,1,31,26,17,1.47,44,51.4,MEDIUM,SYNTHETIC_DEMO_DATA
2026-02-01 13:00:00,6,13,0,13.0,1,0,1,23,19,17,1.28,34,32.3,LOW,SYNTHETIC_DEMO_DATA
2026-02-01 13:30:00,6,13,30,13.5,1,0,1,34,29,15,1.48,48,57.0,MEDIUM,SYNTHETIC_DEMO_DATA
2026-02-01 14:00:00,6,14,0,14.0,1,0,1,35,29,17,1.38,44,54.9,MEDIUM,SYNTHETIC_DEMO_DATA
2026-02-01 14:30:00,6,14,30,14.5,1,0,2,4,5,27,1.29,28,2.6,LOW,SYNTHETIC_DEMO_DATA
2026-02-01 15:00:00,6,15,0,15.0,1,0,2,8,7,27,1.44,29,7.6,LOW,SYNTHETIC_DEMO_DATA
2026-02-01 15:30:00,6,15,30,15.5,1,0,1,19,19,17,1.14,31,27.9,LOW,SYNTHETIC_DEMO_DATA
2026-02-01 16:00:00,6,16,0,16.0,1,0,1,17,16,19,1.24,35,24.5,LOW,SYNTHETIC_DEMO_DATA
2026-02-01 16:30:00,6,16,30,16.5,1,0,2,7,9,24,1.45,29,5.7,LOW,SYNTHETIC_DEMO_DATA
2026-02-01 17:00:00,6,17,0,17.0,1,0,1,20,18,17,1.43,29,34.5,LOW,SYNTHETIC_DEMO_DATA
2026-02-01 17:30:00,6,17,30,17.5,1,0,1,8,9,12,1.68,19,16.3,LOW,SYNTHETIC_DEMO_DATA
2026-02-01 18:00:00,6,18,0,18.0,1,0,1,22,18,17,1.48,31,37.3,LOW,SYNTHETIC_DEMO_DATA
2026-02-01 18:30:00,6,18,30,18.5,1,0,3,5,4,24,0.97,24,1.0,LOW,SYNTHETIC_DEMO_DATA
2026-02-01 19:00:00,6,19,0,19.0,1,0,2,3,5,21,1.69,21,2.5,LOW,SYNTHETIC_DEMO_DATA
2026-02-01 19:30:00,6,19,30,19.5,1,0,2,10,12,22,1.7,32,10.8,LOW,SYNTHETIC_DEMO_DATA
2026-02-02 08:00:00,0,8,0,8.0,1,0,1,19,19,19,1.22,27,28.1,LOW,SYNTHETIC_DEMO_DATA
2026-02-02 08:30:00,0,8,30,8.5,1,0,3,1,3,30,1.56,30,1.0,LOW,SYNTHETIC_DEMO_DATA
2026-02-02 09:00:00,0,9,0,9.0,1,0,2,8,9,25,1.36,25,5.6,LOW,SYNTHETIC_DEMO_DATA
2026-02-02 09:30:00,0,9,30,9.5,1,0,1,13,11,13,1.4,22,21.5,LOW,SYNTHETIC_DEMO_DATA
2026-02-02 10:00:00,0,10,0,10.0,1,0,1,12,13,17,1.59,22,22.1,LOW,SYNTHETIC_DEMO_DATA
2026-02-02 10:30:00,0,10,30,10.5,1,0,1,13,13,12,1.85,28,28.0,LOW,SYNTHETIC_DEMO_DATA
2026-02-02 11:00:00,0,11,0,11.0,1,0,1,12,12,19,1.31,24,18.9,LOW,SYNTHETIC_DEMO_DATA
2026-02-02 11:30:00,0,11,30,11.5,1,0,1,17,16,14,1.53,23,29.3,LOW,SYNTHETIC_DEMO_DATA
2026-02-02 12:00:00,0,12,0,12.0,1,0,1,36,32,19,1.18,47,51.0,MEDIUM,SYNTHETIC_DEMO_DATA
2026-02-02 12:30:00,0,12,30,12.5,1,0,2,23,19,23,1.55,46,20.6,MEDIUM,SYNTHETIC_DEMO_DATA
2026-02-02 13:00:00,0,13,0,13.0,1,0,2,27,25,28,1.17,54,18.7,MEDIUM,SYNTHETIC_DEMO_DATA
2026-02-02 13:30:00,0,13,30,13.5,1,0,2,31,27,28,1.23,56,21.7,MEDIUM,SYNTHETIC_DEMO_DATA
2026-02-02 14:00:00,0,14,0,14.0,1,0,1,41,34,14,1.44,50,67.5,MEDIUM,SYNTHETIC_DEMO_DATA
2026-02-02 14:30:00,0,14,30,14.5,1,0,2,13,12,27,1.39,29,11.0,LOW,SYNTHETIC_DEMO_DATA
2026-02-02 15:00:00,0,15,0,15.0,1,0,2,2,5,20,1.32,20,2.6,LOW,SYNTHETIC_DEMO_DATA
2026-02-02 15:30:00,0,15,30,15.5,1,0,2,1,4,24,1.32,24,2.1,LOW,SYNTHETIC_DEMO_DATA
2026-02-02 16:00:00,0,16,0,16.0,1,0,1,15,16,13,1.64,24,27.8,LOW,SYNTHETIC_DEMO_DATA
2026-02-02 16:30:00,0,16,30,16.5,1,0,2,4,7,25,1.26,25,2.6,LOW,SYNTHETIC_DEMO_DATA
2026-02-02 17:00:00,0,17,0,17.0,1,0,1,7,7,20,1.05,21,9.9,LOW,SYNTHETIC_DEMO_DATA
2026-02-02 17:30:00,0,17,30,17.5,1,0,1,21,17,17,1.21,33,29.8,LOW,SYNTHETIC_DEMO_DATA
2026-02-02 18:00:00,0,18,0,18.0,1,0,1,19,17,12,1.68,31,35.9,LOW,SYNTHETIC_DEMO_DATA
2026-02-02 18:30:00,0,18,30,18.5,1,0,1,17,17,16,1.47,22,30.2,LOW,SYNTHETIC_DEMO_DATA
2026-02-02 19:00:00,0,19,0,19.0,1,0,2,8,10,28,1.25,30,5.6,LOW,SYNTHETIC_DEMO_DATA
2026-02-02 19:30:00,0,19,30,19.5,1,0,1,15,12,19,1.27,22,20.9,LOW,SYNTHETIC_DEMO_DATA
2026-02-03 08:00:00,1,8,0,8.0,0,0,2,19,18,25,1.62,38,17.0,MEDIUM,SYNTHETIC_DEMO_DATA
2026-02-03 08:30:00,1,8,30,8.5,0,0,4,36,31,47,1.51,74,13.5,HIGH,SYNTHETIC_DEMO_DATA
2026-02-03 09:00:00,1,9,0,9.0,0,0,4,39,32,40,1.72,76,19.4,HIGH,SYNTHETIC_DEMO_DATA
2026-02-03 09:30:00,1,9,30,9.5,0,0,1,27,23,13,1.63,36,49.9,LOW,SYNTHETIC_DEMO_DATA
2026-02-03 10:00:00,1,10,0,10.0,0,0,2,17,15,29,1.34,38,14.2,MEDIUM,SYNTHETIC_DEMO_DATA
2026-02-03 10:30:00,1,10,30,10.5,0,0,4,56,46,42,1.74,92,28.3,HIGH,SYNTHETIC_DEMO_DATA
2026-02-03 11:00:00,1,11,0,11.0,0,0,3,70,57,27,1.86,96,49.7,HIGH,SYNTHETIC_DEMO_DATA
2026-02-03 11:30:00,1,11,30,11.5,0,0,3,28,23,36,1.45,57,14.5,MEDIUM,SYNTHETIC_DEMO_DATA
2026-02-03 12:00:00,1,12,0,12.0,0,0,3,66,54,33,1.63,100,40.3,VERY HIGH,SYNTHETIC_DEMO_DATA
2026-02-03 12:30:00,1,12,30,12.5,0,0,5,46,37,48,1.64,92,16.0,HIGH,SYNTHETIC_DEMO_DATA
2026-02-03 13:00:00,1,13,0,13.0,0,0,5,70,56,39,2.04,109,31.4,VERY HIGH,SYNTHETIC_DEMO_DATA
2026-02-03 13:30:00,1,13,30,13.5,0,0,3,78,63,28,1.81,110,52.1,VERY HIGH,SYNTHETIC_DEMO_DATA
2026-02-03 14:00:00,1,14,0,14.0,0,0,2,45,37,30,1.16,72,30.8,MEDIUM,SYNTHETIC_DEMO_DATA
2026-02-03 14:30:00,1,14,30,14.5,0,0,2,46,38,27,1.37,68,37.4,MEDIUM,SYNTHETIC_DEMO_DATA
2026-02-03 15:00:00,1,15,0,15.0,0,0,1,17,17,15,1.34,29,27.4,LOW,SYNTHETIC_DEMO_DATA
2026-02-03 15:30:00,1,15,30,15.5,0,0,1,14,14,17,1.25,25,20.6,LOW,SYNTHETIC_DEMO_DATA
2026-02-03 16:00:00,1,16,0,16.0,0,0,1,19,18,19,1.34,34,28.9,LOW,SYNTHETIC_DEMO_DATA
2026-02-03 16:30:00,1,16,30,16.5,0,0,5,37,31,54,1.64,84,12.6,HIGH,SYNTHETIC_DEMO_DATA
2026-02-03 17:00:00,1,17,0,17.0,0,0,4,44,38,44,1.6,84,21.3,HIGH,SYNTHETIC_DEMO_DATA
2026-02-03 17:30:00,1,17,30,17.5,0,0,3,52,43,31,1.75,83,34.3,HIGH,SYNTHETIC_DEMO_DATA
2026-02-03 18:00:00,1,18,0,18.0,0,0,3,4,5,48,0.9,48,1.0,MEDIUM,SYNTHETIC_DEMO_DATA
2026-02-03 18:30:00,1,18,30,18.5,0,0,1,31,27,19,1.14,51,41.2,MEDIUM,SYNTHETIC_DEMO_DATA
2026-02-03 19:00:00,1,19,0,19.0,0,0,2,3,5,20,1.13,20,2.6,LOW,SYNTHETIC_DEMO_DATA
2026-02-03 19:30:00,1,19,30,19.5,0,0,2,5,6,25,1.24,25,3.0,LOW,SYNTHETIC_DEMO_DATA
2026-02-04 08:00:00,2,8,0,8.0,0,0,1,26,22,15,1.61,38,46.9,MEDIUM,SYNTHETIC_DEMO_DATA
2026-02-04 08:30:00,2,8,30,8.5,0,0,2,40,35,24,1.37,69,31.7,MEDIUM,SYNTHETIC_DEMO_DATA
2026-02-04 09:00:00,2,9,0,9.0,0,0,2,51,43,27,1.37,79,40.3,HIGH,SYNTHETIC_DEMO_DATA
2026-02-04 09:30:00,2,9,30,9.5,0,0,2,12,13,39,0.9,43,7.9,MEDIUM,SYNTHETIC_DEMO_DATA
2026-02-04 10:00:00,2,10,0,10.0,0,0,2,21,18,22,1.59,40,19.6,MEDIUM,SYNTHETIC_DEMO_DATA
2026-02-04 10:30:00,2,10,30,10.5,0,0,4,50,42,44,1.57,84,23.3,HIGH,SYNTHETIC_DEMO_DATA
2026-02-04 11:00:00,2,11,0,11.0,0,0,3,52,45,33,1.47,87,28.0,HIGH,SYNTHETIC_DEMO_DATA
2026-02-04 11:30:00,2,11,30,11.5,0,0,3,33,29,35,1.56,56,18.4,MEDIUM,SYNTHETIC_DEMO_DATA
2026-02-04 12:00:00,2,12,0,12.0,0,0,5,55,45,43,1.88,98,23.3,VERY HIGH,SYNTHETIC_DEMO_DATA
2026-02-04 12:30:00,2,12,30,12.5,0,0,4,68,57,35,1.91,102,35.4,VERY HIGH,SYNTHETIC_DEMO_DATA
2026-02-04 13:00:00,2,13,0,13.0,0,0,5,51,42,53,1.63,97,18.9,VERY HIGH,SYNTHETIC_DEMO_DATA
2026-02-04 13:30:00,2,13,30,13.5,0,0,5,60,51,46,1.89,105,25.0,VERY HIGH,SYNTHETIC_DEMO_DATA
2026-02-04 14:00:00,2,14,0,14.0,0,0,3,32,28,38,1.41,66,15.9,MEDIUM,SYNTHETIC_DEMO_DATA
2026-02-04 14:30:00,2,14,30,14.5,0,0,2,41,36,32,1.09,69,26.3,MEDIUM,SYNTHETIC_DEMO_DATA
2026-02-04 15:00:00,2,15,0,15.0,0,0,2,8,7,26,1.4,32,5.5,LOW,SYNTHETIC_DEMO_DATA
2026-02-04 15:30:00,2,15,30,15.5,0,0,1,17,15,19,1.27,29,25.5,LOW,SYNTHETIC_DEMO_DATA
2026-02-04 16:00:00,2,16,0,16.0,0,0,1,21,20,14,1.45,32,35.6,LOW,SYNTHETIC_DEMO_DATA
2026-02-04 16:30:00,2,16,30,16.5,0,0,4,52,45,42,1.7,90,24.3,HIGH,SYNTHETIC_DEMO_DATA
2026-02-04 17:00:00,2,17,0,17.0,0,0,4,46,37,47,1.47,86,18.9,HIGH,SYNTHETIC_DEMO_DATA
2026-02-04 17:30:00,2,17,30,17.5,0,0,4,51,41,38,1.91,85,27.0,HIGH,SYNTHETIC_DEMO_DATA
2026-02-04 18:00:00,2,18,0,18.0,0,0,1,38,33,14,1.33,51,58.5,MEDIUM,SYNTHETIC_DEMO_DATA
2026-02-04 18:30:00,2,18,30,18.5,0,0,2,30,27,24,1.68,46,28.5,MEDIUM,SYNTHETIC_DEMO_DATA
2026-02-04 19:00:00,2,19,0,19.0,0,0,1,16,13,14,1.54,25,28.4,LOW,SYNTHETIC_DEMO_DATA
2026-02-04 19:30:00,2,19,30,19.5,0,0,2,0,4,21,1.38,21,1.0,LOW,SYNTHETIC_DEMO_DATA
2026-02-05 08:00:00,3,8,0,8.0,0,0,1,23,22,14,1.59,34,41.9,LOW,SYNTHETIC_DEMO_DATA
2026-02-05 08:30:00,3,8,30,8.5,0,0,3,34,29,45,1.12,71,15.0,MEDIUM,SYNTHETIC_DEMO_DATA
2026-02-05 09:00:00,3,9,0,9.0,0,0,3,37,31,41,1.33,76,20.4,HIGH,SYNTHETIC_DEMO_DATA
2026-02-05 09:30:00,3,9,30,9.5,0,0,2,16,14,30,1.26,43,10.0,MEDIUM,SYNTHETIC_DEMO_DATA
2026-02-05 10:00:00,3,10,0,10.0,0,0,2,12,13,26,1.38,33,9.9,LOW,SYNTHETIC_DEMO_DATA
2026-02-05 10:30:00,3,10,30,10.5,0,0,3,49,40,30,1.63,81,30.4,HIGH,SYNTHETIC_DEMO_DATA
2026-02-05 11:00:00,3,11,0,11.0,0,0,4,51,42,39,1.73,88,23.8,HIGH,SYNTHETIC_DEMO_DATA
2026-02-05 11:30:00,3,11,30,11.5,0,0,2,38,32,25,1.5,57,32.1,MEDIUM,SYNTHETIC_DEMO_DATA
2026-02-05 12:00:00,3,12,0,12.0,0,0,5,62,54,41,2.07,102,29.6,VERY HIGH,SYNTHETIC_DEMO_DATA
2026-02-05 12:30:00,3,12,30,12.5,0,0,5,47,38,58,1.41,103,16.2,VERY HIGH,SYNTHETIC_DEMO_DATA
2026-02-05 13:00:00,3,13,0,13.0,0,0,4,61,50,40,1.6,105,26.9,VERY HIGH,SYNTHETIC_DEMO_DATA
2026-02-05 13:30:00,3,13,30,13.5,0,0,4,55,48,49,1.46,103,22.1,VERY HIGH,SYNTHETIC_DEMO_DATA
2026-02-05 14:00:00,3,14,0,14.0,0,0,2,36,30,26,1.33,63,26.8,MEDIUM,SYNTHETIC_DEMO_DATA
2026-02-05 14:30:00,3,14,30,14.5,0,0,3,37,30,40,1.4,70,20.8,MEDIUM,SYNTHETIC_DEMO_DATA
2026-02-05 15:00:00,3,15,0,15.0,0,0,1,24,23,19,1.28,33,36.5,LOW,SYNTHETIC_DEMO_DATA
2026-02-05 15:30:00,3,15,30,15.5,0,0,1,12,12,16,1.19,28,16.0,LOW,SYNTHETIC_DEMO_DATA
2026-02-05 16:00:00,3,16,0,16.0,0,0,1,19,18,16,1.44,27,31.9,LOW,SYNTHETIC_DEMO_DATA
2026-02-05 16:30:00,3,16,30,16.5,0,0,3,46,37,34,1.48,82,24.3,HIGH,SYNTHETIC_DEMO_DATA
2026-02-05 17:00:00,3,17,0,17.0,0,0,3,52,42,33,1.68,80,32.5,HIGH,SYNTHETIC_DEMO_DATA
2026-02-05 17:30:00,3,17,30,17.5,0,0,4,45,37,45,1.6,87,20.7,HIGH,SYNTHETIC_DEMO_DATA
2026-02-05 18:00:00,3,18,0,18.0,0,0,1,34,30,15,1.44,51,55.6,MEDIUM,SYNTHETIC_DEMO_DATA
2026-02-05 18:30:00,3,18,30,18.5,0,0,2,19,16,30,1.15,47,12.7,MEDIUM,SYNTHETIC_DEMO_DATA
2026-02-05 19:00:00,3,19,0,19.0,0,0,2,5,7,24,1.1,24,4.7,LOW,SYNTHETIC_DEMO_DATA
2026-02-05 19:30:00,3,19,30,19.5,0,0,1,17,14,18,1.32,26,25.1,LOW,SYNTHETIC_DEMO_DATA
2026-02-06 08:00:00,4,8,0,8.0,0,0,2,11,9,26,1.32,34,7.3,LOW,SYNTHETIC_DEMO_DATA
2026-02-06 08:30:00,4,8,30,8.5,0,0,4,29,24,50,1.3,74,10.8,HIGH,SYNTHETIC_DEMO_DATA
2026-02-06 09:00:00,4,9,0,9.0,0,0,4,45,37,39,1.65,78,22.8,HIGH,SYNTHETIC_DEMO_DATA
2026-02-06 09:30:00,4,9,30,9.5,0,0,1,26,25,17,1.46,40,45.2,MEDIUM,SYNTHETIC_DEMO_DATA
2026-02-06 10:00:00,4,10,0,10.0,0,0,1,31,26,17,1.39,45,48.3,MEDIUM,SYNTHETIC_DEMO_DATA
2026-02-06 10:30:00,4,10,30,10.5,0,0,4,51,43,37,1.84,86,26.6,HIGH,SYNTHETIC_DEMO_DATA
2026-02-06 11:00:00,4,11,0,11.0,0,0,4,51,43,40,1.85,87,27.1,HIGH,SYNTHETIC_DEMO_DATA
2026-02-06 11:30:00,4,11,30,11.5,0,0,4,15,15,55,1.25,56,6.2,MEDIUM,SYNTHETIC_DEMO_DATA
2026-02-06 12:00:00,4,12,0,12.0,0,0,4,60,51,40,1.68,100,29.9,VERY HIGH,SYNTHETIC_DEMO_DATA
2026-02-06 12:30:00,4,12,30,12.5,0,0,4,57,47,40,1.79,97,28.6,VERY HIGH,SYNTHETIC_DEMO_DATA
2026-02-06 13:00:00,4,13,0,13.0,0,0,5,48,42,50,1.68,96,16.2,HIGH,SYNTHETIC_DEMO_DATA
2026-02-06 13:30:00,4,13,30,13.5,0,0,4,61,49,35,1.85,98,31.0,VERY HIGH,SYNTHETIC_DEMO_DATA
2026-02-06 14:00:00,4,14,0,14.0,0,0,3,43,37,38,1.43,75,23.0,HIGH,SYNTHETIC_DEMO_DATA
2026-02-06 14:30:00,4,14,30,14.5,0,0,3,33,30,35,1.51,64,18.5,MEDIUM,SYNTHETIC_DEMO_DATA
2026-02-06 15:00:00,4,15,0,15.0,0,0,2,8,7,28,0.92,28,4.3,LOW,SYNTHETIC_DEMO_DATA
2026-02-06 15:30:00,4,15,30,15.5,0,0,1,19,17,16,1.41,29,30.4,LOW,SYNTHETIC_DEMO_DATA
2026-02-06 16:00:00,4,16,0,16.0,0,0,1,17,17,18,1.24,28,23.8,LOW,SYNTHETIC_DEMO_DATA
2026-02-06 16:30:00,4,16,30,16.5,0,0,4,47,39,38,1.68,84,22.8,HIGH,SYNTHETIC_DEMO_DATA
2026-02-06 17:00:00,4,17,0,17.0,0,0,4,50,42,37,1.77,79,25.8,HIGH,SYNTHETIC_DEMO_DATA
2026-02-06 17:30:00,4,17,30,17.5,0,0,5,37,33,58,1.43,87,12.4,HIGH,SYNTHETIC_DEMO_DATA
2026-02-06 18:00:00,4,18,0,18.0,0,0,2,22,20,30,1.16,48,17.3,MEDIUM,SYNTHETIC_DEMO_DATA
2026-02-06 18:30:00,4,18,30,18.5,0,0,2,23,20,26,1.37,40,17.6,MEDIUM,SYNTHETIC_DEMO_DATA
2026-02-06 19:00:00,4,19,0,19.0,0,0,3,3,4,12,1.49,12,2.5,LOW,SYNTHETIC_DEMO_DATA
2026-02-06 19:30:00,4,19,30,19.5,0,0,1,12,12,15,1.25,20,18.3,LOW,SYNTHETIC_DEMO_DATA
2026-02-07 08:00:00,5,8,0,8.0,0,0,2,6,7,23,1.44,26,3.9,LOW,SYNTHETIC_DEMO_DATA
2026-02-07 08:30:00,5,8,30,8.5,0,0,2,0,0,23,1.24,23,1.0,LOW,SYNTHETIC_DEMO_DATA
2026-02-07 09:00:00,5,9,0,9.0,0,0,2,2,2,25,1.25,25,1.0,LOW,SYNTHETIC_DEMO_DATA
2026-02-07 09:30:00,5,9,30,9.5,0,0,1,20,17,12,1.68,32,37.6,LOW,SYNTHETIC_DEMO_DATA
2026-02-07 10:00:00,5,10,0,10.0,0,0,1,19,17,17,1.49,32,34.3,LOW,SYNTHETIC_DEMO_DATA
2026-02-07 10:30:00,5,10,30,10.5,0,0,3,5,8,22,1.14,22,2.0,LOW,SYNTHETIC_DEMO_DATA
2026-02-07 11:00:00,5,11,0,11.0,0,0,1,9,9,13,1.4,19,15.8,LOW,SYNTHETIC_DEMO_DATA
2026-02-07 11:30:00,5,11,30,11.5,0,0,1,18,17,17,1.06,31,23.5,LOW,SYNTHETIC_DEMO_DATA
2026-02-07 12:00:00,5,12,0,12.0,0,0,1,39,35,16,1.43,52,65.2,MEDIUM,SYNTHETIC_DEMO_DATA
2026-02-07 12:30:00,5,12,30,12.5,0,0,1,30,27,16,1.21,44,43.3,MEDIUM,SYNTHETIC_DEMO_DATA
2026-02-07 13:00:00,5,13,0,13.0,0,0,1,35,28,16,1.22,48,48.6,MEDIUM,SYNTHETIC_DEMO_DATA
2026-02-07 13:30:00,5,13,30,13.5,0,0,3,9,8,40,1.33,41,4.4,MEDIUM,SYNTHETIC_DEMO_DATA
2026-02-07 14:00:00,5,14,0,14.0,0,0,1,36,32,22,1.01,53,44.0,MEDIUM,SYNTHETIC_DEMO_DATA
2026-02-07 14:30:00,5,14,30,14.5,0,0,3,8,7,26,1.2,26,3.5,LOW,SYNTHETIC_DEMO_DATA
2026-02-07 15:00:00,5,15,0,15.0,0,0,3,4,6,21,1.61,21,1.7,LOW,SYNTHETIC_DEMO_DATA
2026-02-07 15:30:00,5,15,30,15.5,0,0,1,13,12,18,1.5,28,21.9,LOW,SYNTHETIC_DEMO_DATA
2026-02-07 16:00:00,5,16,0,16.0,0,0,3,7,7,31,1.51,31,3.7,LOW,SYNTHETIC_DEMO_DATA
2026-02-07 16:30:00,5,16,30,16.5,0,0,2,8,8,23,1.15,23,4.4,LOW,SYNTHETIC_DEMO_DATA
2026-02-07 17:00:00,5,17,0,17.0,0,0,1,8,7,20,1.01,25,8.5,LOW,SYNTHETIC_DEMO_DATA
2026-02-07 17:30:00,5,17,30,17.5,0,0,1,19,17,12,1.53,32,34.6,LOW,SYNTHETIC_DEMO_DATA
2026-02-07 18:00:00,5,18,0,18.0,0,0,1,20,18,15,1.58,30,36.1,LOW,SYNTHETIC_DEMO_DATA
2026-02-07 18:30:00,5,18,30,18.5,0,0,2,8,8,26,1.44,27,7.0,LOW,SYNTHETIC_DEMO_DATA
2026-02-07 19:00:00,5,19,0,19.0,0,0,2,4,5,27,1.33,27,3.3,LOW,SYNTHETIC_DEMO_DATA
2026-02-07 19:30:00,5,19,30,19.5,0,0,2,4,7,25,1.41,25,3.8,LOW,SYNTHETIC_DEMO_DATA
2026-02-08 08:00:00,6,8,0,8.0,1,0,2,5,5,24,1.02,24,2.7,LOW,SYNTHETIC_DEMO_DATA
2026-02-08 08:30:00,6,8,30,8.5,1,0,1,14,15,13,1.62,25,25.7,LOW,SYNTHETIC_DEMO_DATA
2026-02-08 09:00:00,6,9,0,9.0,1,0,1,14,14,19,1.41,25,24.0,LOW,SYNTHETIC_DEMO_DATA
2026-02-08 09:30:00,6,9,30,9.5,1,0,1,11,11,15,1.53,22,19.9,LOW,SYNTHETIC_DEMO_DATA
2026-02-08 10:00:00,6,10,0,10.0,1,0,2,3,5,24,1.34,24,3.4,LOW,SYNTHETIC_DEMO_DATA
2026-02-08 10:30:00,6,10,30,10.5,1,0,2,10,12,29,1.3,29,6.7,LOW,SYNTHETIC_DEMO_DATA
2026-02-08 11:00:00,6,11,0,11.0,1,0,1,0,1,13,1.45,13,1.0,LOW,SYNTHETIC_DEMO_DATA
2026-02-08 11:30:00,6,11,30,11.5,1,0,1,12,11,15,1.38,22,17.0,LOW,SYNTHETIC_DEMO_DATA
2026-02-08 12:00:00,6,12,0,12.0,1,0,3,11,11,43,1.25,45,5.8,MEDIUM,SYNTHETIC_DEMO_DATA
2026-02-08 12:30:00,6,12,30,12.5,1,0,1,36,32,19,1.35,45,56.2,MEDIUM,SYNTHETIC_DEMO_DATA
2026-02-08 13:00:00,6,13,0,13.0,1,0,2,16,17,36,1.03,47,10.1,MEDIUM,SYNTHETIC_DEMO_DATA
2026-02-08 13:30:00,6,13,30,13.5,1,0,1,46,39,19,1.34,56,71.7,MEDIUM,SYNTHETIC_DEMO_DATA
2026-02-08 14:00:00,6,14,0,14.0,1,0,2,20,17,23,1.59,40,17.1,MEDIUM,SYNTHETIC_DEMO_DATA
2026-02-08 14:30:00,6,14,30,14.5,1,0,2,3,6,22,1.62,25,3.9,LOW,SYNTHETIC_DEMO_DATA
2026-02-08 15:00:00,6,15,0,15.0,1,0,1,5,8,19,1.07,26,7.8,LOW,SYNTHETIC_DEMO_DATA
2026-02-08 15:30:00,6,15,30,15.5,1,0,2,7,6,26,1.39,30,6.8,LOW,SYNTHETIC_DEMO_DATA
2026-02-08 16:00:00,6,16,0,16.0,1,0,1,15,16,19,1.3,29,22.5,LOW,SYNTHETIC_DEMO_DATA
2026-02-08 16:30:00,6,16,30,16.5,1,0,2,3,5,18,1.24,18,3.2,LOW,SYNTHETIC_DEMO_DATA
2026-02-08 17:00:00,6,17,0,17.0,1,0,1,13,12,15,1.26,25,17.8,LOW,SYNTHETIC_DEMO_DATA
2026-02-08 17:30:00,6,17,30,17.5,1,0,2,7,8,20,0.97,20,5.2,LOW,SYNTHETIC_DEMO_DATA
2026-02-08 18:00:00,6,18,0,18.0,1,0,2,2,5,24,1.38,24,2.6,LOW,SYNTHETIC_DEMO_DATA
2026-02-08 18:30:00,6,18,30,18.5,1,0,1,18,17,12,1.57,25,31.3,LOW,SYNTHETIC_DEMO_DATA
2026-02-08 19:00:00,6,19,0,19.0,1,0,1,14,12,17,1.21,22,19.4,LOW,SYNTHETIC_DEMO_DATA
2026-02-08 19:30:00,6,19,30,19.5,1,0,3,6,5,27,1.34,27,3.7,LOW,SYNTHETIC_DEMO_DATA
2026-02-09 08:00:00,0,8,0,8.0,0,0,2,9,9,35,1.04,36,5.9,LOW,SYNTHETIC_DEMO_DATA
2026-02-09 08:30:00,0,8,30,8.5,0,0,3,40,33,40,1.32,75,20.3,HIGH,SYNTHETIC_DEMO_DATA
2026-02-09 09:00:00,0,9,0,9.0,0,0,4,33,29,45,1.54,73,13.1,HIGH,SYNTHETIC_DEMO_DATA
2026-02-09 09:30:00,0,9,30,9.5,0,0,3,19,17,31,1.64,45,11.3,MEDIUM,SYNTHETIC_DEMO_DATA
2026-02-09 10:00:00,0,10,0,10.0,0,0,2,11,11,28,1.29,33,9.2,LOW,SYNTHETIC_DEMO_DATA
2026-02-09 10:30:00,0,10,30,10.5,0,0,3,44,36,31,1.69,79,27.8,HIGH,SYNTHETIC_DEMO_DATA
2026-02-09 11:00:00,0,11,0,11.0,0,0,3,61,52,27,1.83,88,42.0,HIGH,SYNTHETIC_DEMO_DATA
2026-02-09 11:30:00,0,11,30,11.5,0,0,3,23,21,34,1.43,55,14.4,MEDIUM,SYNTHETIC_DEMO_DATA
2026-02-09 12:00:00,0,12,0,12.0,0,0,4,62,50,41,1.74,99,28.6,VERY HIGH,SYNTHETIC_DEMO_DATA
2026-02-09 12:30:00,0,12,30,12.5,0,0,3,64,52,31,1.78,100,43.9,VERY HIGH,SYNTHETIC_DEMO_DATA
2026-02-09 13:00:00,0,13,0,13.0,0,0,4,64,53,42,1.73,103,30.5,VERY HIGH,SYNTHETIC_DEMO_DATA
2026-02-09 13:30:00,0,13,30,13.5,0,0,4,69,56,40,1.77,106,33.6,VERY HIGH,SYNTHETIC_DEMO_DATA
2026-02-09 14:00:00,0,14,0,14.0,0,0,4,22,21,59,1.18,68,8.2,MEDIUM,SYNTHETIC_DEMO_DATA
2026-02-09 14:30:00,0,14,30,14.5,0,0,2,54,43,23,1.59,77,49.0,HIGH,SYNTHETIC_DEMO_DATA
2026-02-09 15:00:00,0,15,0,15.0,0,0,1,21,19,18,1.51,33,36.0,LOW,SYNTHETIC_DEMO_DATA
2026-02-09 15:30:00,0,15,30,15.5,0,0,2,6,6,25,1.54,25,3.6,LOW,SYNTHETIC_DEMO_DATA
2026-02-09 16:00:00,0,16,0,16.0,0,0,1,23,21,12,1.52,36,39.9,LOW,SYNTHETIC_DEMO_DATA
2026-02-09 16:30:00,0,16,30,16.5,0,0,5,38,31,49,1.75,86,13.1,HIGH,SYNTHETIC_DEMO_DATA
2026-02-09 17:00:00,0,17,0,17.0,0,0,4,45,37,35,1.83,79,21.6,HIGH,SYNTHETIC_DEMO_DATA
2026-02-09 17:30:00,0,17,30,17.5,0,0,4,45,39,37,1.91,81,24.0,HIGH,SYNTHETIC_DEMO_DATA
2026-02-09 18:00:00,0,18,0,18.0,0,0,1,30,27,14,1.26,44,44.0,MEDIUM,SYNTHETIC_DEMO_DATA
2026-02-09 18:30:00,0,18,30,18.5,0,0,2,19,18,28,1.24,46,13.0,MEDIUM,SYNTHETIC_DEMO_DATA
2026-02-09 19:00:00,0,19,0,19.0,0,0,2,5,5,21,1.68,25,5.3,LOW,SYNTHETIC_DEMO_DATA
2026-02-09 19:30:00,0,19,30,19.5,0,0,2,6,6,22,1.21,22,4.7,LOW,SYNTHETIC_DEMO_DATA
2026-02-10 08:00:00,1,8,0,8.0,0,0,2,20,19,21,1.58,37,19.0,MEDIUM,SYNTHETIC_DEMO_DATA
2026-02-10 08:30:00,1,8,30,8.5,0,0,2,51,45,23,1.43,79,42.9,HIGH,SYNTHETIC_DEMO_DATA
2026-02-10 09:00:00,1,9,0,9.0,0,0,3,37,32,40,1.4,72,19.4,MEDIUM,SYNTHETIC_DEMO_DATA
2026-02-10 09:30:00,1,9,30,9.5,0,0,2,18,15,29,1.28,39,13.4,MEDIUM,SYNTHETIC_DEMO_DATA
2026-02-10 10:00:00,1,10,0,10.0,0,0,2,19,16,28,1.27,38,14.5,MEDIUM,SYNTHETIC_DEMO_DATA
2026-02-10 10:30:00,1,10,30,10.5,0,0,4,48,41,39,1.69,88,21.8,HIGH,SYNTHETIC_DEMO_DATA
2026-02-10 11:00:00,1,11,0,11.0,0,0,5,44,39,45,1.77,86,16.9,HIGH,SYNTHETIC_DEMO_DATA
2026-02-10 11:30:00,1,11,30,11.5,0,0,4,9,8,45,1.44,51,4.6,MEDIUM,SYNTHETIC_DEMO_DATA
2026-02-10 12:00:00,1,12,0,12.0,0,0,4,56,45,42,1.54,101,24.8,VERY HIGH,SYNTHETIC_DEMO_DATA
2026-02-10 12:30:00,1,12,30,12.5,0,0,4,66,55,44,1.47,107,28.6,VERY HIGH,SYNTHETIC_DEMO_DATA
2026-02-10 13:00:00,1,13,0,13.0,0,0,5,57,50,50,1.6,102,20.9,VERY HIGH,SYNTHETIC_DEMO_DATA
2026-02-10 13:30:00,1,13,30,13.5,0,0,5,66,53,46,1.92,106,27.5,VERY HIGH,SYNTHETIC_DEMO_DATA
2026-02-10 14:00:00,1,14,0,14.0,0,0,3,35,29,37,1.49,71,18.3,MEDIUM,SYNTHETIC_DEMO_DATA
2026-02-10 14:30:00,1,14,30,14.5,0,0,3,37,31,41,1.33,72,18.9,MEDIUM,SYNTHETIC_DEMO_DATA
2026-02-10 15:00:00,1,15,0,15.0,0,0,1,28,23,17,1.5,36,46.6,LOW,SYNTHETIC_DEMO_DATA
2026-02-10 15:30:00,1,15,30,15.5,0,0,1,17,14,21,1.13,33,22.9,LOW,SYNTHETIC_DEMO_DATA
2026-02-10 16:00:00,1,16,0,16.0,0,0,3,0,3,34,1.25,34,1.0,LOW,SYNTHETIC_DEMO_DATA
2026-02-10 16:30:00,1,16,30,16.5,0,0,4,46,38,39,1.85,82,23.4,HIGH,SYNTHETIC_DEMO_DATA
2026-02-10 17:00:00,1,17,0,17.0,0,0,4,42,35,39,1.66,79,19.7,HIGH,SYNTHETIC_DEMO_DATA
2026-02-10 17:30:00,1,17,30,17.5,0,0,3,51,45,32,1.67,80,31.4,HIGH,SYNTHETIC_DEMO_DATA
2026-02-10 18:00:00,1,18,0,18.0,0,0,2,23,20,25,1.56,45,20.9,MEDIUM,SYNTHETIC_DEMO_DATA
2026-02-10 18:30:00,1,18,30,18.5,0,0,2,21,20,29,1.24,45,15.6,MEDIUM,SYNTHETIC_DEMO_DATA
2026-02-10 19:00:00,1,19,0,19.0,0,0,2,9,10,22,1.59,22,7.2,LOW,SYNTHETIC_DEMO_DATA
2026-02-10 19:30:00,1,19,30,19.5,0,0,2,4,4,17,1.23,17,1.3,LOW,SYNTHETIC_DEMO_DATA
2026-02-11 08:00:00,2,8,0,8.0,0,0,1,24,21,14,1.26,41,37.3,MEDIUM,SYNTHETIC_DEMO_DATA
2026-02-11 08:30:00,2,8,30,8.5,0,0,3,43,38,42,1.24,83,21.6,HIGH,SYNTHETIC_DEMO_DATA
2026-02-11 09:00:00,2,9,0,9.0,0,0,3,36,30,44,1.22,74,18.1,HIGH,SYNTHETIC_DEMO_DATA
2026-02-11 09:30:00,2,9,30,9.5,0,0,1,28,24,17,1.7,38,52.6,MEDIUM,SYNTHETIC_DEMO_DATA
2026-02-11 10:00:00,2,10,0,10.0,0,0,2,5,6,33,0.84,33,2.5,LOW,SYNTHETIC_DEMO_DATA
2026-02-11 10:30:00,2,10,30,10.5,0,0,3,52,45,36,1.45,86,29.4,HIGH,SYNTHETIC_DEMO_DATA
2026-02-11 11:00:00,2,11,0,11.0,0,0,3,62,52,26,2.09,90,47.3,HIGH,SYNTHETIC_DEMO_DATA
2026-02-11 11:30:00,2,11,30,11.5,0,0,2,28,25,25,1.47,48,23.6,MEDIUM,SYNTHETIC_DEMO_DATA
2026-02-11 12:00:00,2,12,0,12.0,0,0,5,50,42,47,1.71,99,20.0,VERY HIGH,SYNTHETIC_DEMO_DATA
2026-02-11 12:30:00,2,12,30,12.5,0,0,4,62,52,40,1.83,97,32.5,VERY HIGH,SYNTHETIC_DEMO_DATA
2026-02-11 13:00:00,2,13,0,13.0,0,0,3,70,57,32,1.6,101,43.0,VERY HIGH,SYNTHETIC_DEMO_DATA
2026-02-11 13:30:00,2,13,30,13.5,0,0,3,63,52,34,1.41,99,34.1,VERY HIGH,SYNTHETIC_DEMO_DATA
2026-02-11 14:00:00,2,14,0,14.0,0,0,2,52,44,23,1.44,75,42.5,HIGH,SYNTHETIC_DEMO_DATA
2026-02-11 14:30:00,2,14,30,14.5,0,0,3,36,30,37,1.52,65,21.2,MEDIUM,SYNTHETIC_DEMO_DATA
2026-02-11 15:00:00,2,15,0,15.0,0,0,1,24,20,19,1.26,36,35.7,LOW,SYNTHETIC_DEMO_DATA
2026-02-11 15:30:00,2,15,30,15.5,0,0,3,8,9,29,1.49,29,5.7,LOW,SYNTHETIC_DEMO_DATA
2026-02-11 16:00:00,2,16,0,16.0,0,0,2,7,8,24,1.37,33,7.5,LOW,SYNTHETIC_DEMO_DATA
2026-02-11 16:30:00,2,16,30,16.5,0,0,4,47,40,32,2.06,82,26.7,HIGH,SYNTHETIC_DEMO_DATA
2026-02-11 17:00:00,2,17,0,17.0,0,0,3,55,44,30,1.87,83,38.4,HIGH,SYNTHETIC_DEMO_DATA
2026-02-11 17:30:00,2,17,30,17.5,0,0,5,38,32,54,1.59,85,14.0,HIGH,SYNTHETIC_DEMO_DATA
2026-02-11 18:00:00,2,18,0,18.0,0,0,2,20,19,33,1.15,46,13.2,MEDIUM,SYNTHETIC_DEMO_DATA
2026-02-11 18:30:00,2,18,30,18.5,0,0,1,32,28,16,1.28,48,48.2,MEDIUM,SYNTHETIC_DEMO_DATA
2026-02-11 19:00:00,2,19,0,19.0,0,0,2,6,8,18,1.48,18,4.7,LOW,SYNTHETIC_DEMO_DATA
2026-02-11 19:30:00,2,19,30,19.5,0,0,1,8,9,16,1.53,21,14.3,LOW,SYNTHETIC_DEMO_DATA
2026-02-12 08:00:00,3,8,0,8.0,0,0,2,12,13,31,1.17,36,9.2,LOW,SYNTHETIC_DEMO_DATA
2026-02-12 08:30:00,3,8,30,8.5,0,0,3,42,37,42,1.29,81,18.6,HIGH,SYNTHETIC_DEMO_DATA
2026-02-12 09:00:00,3,9,0,9.0,0,0,3,28,26,43,1.17,70,13.4,MEDIUM,SYNTHETIC_DEMO_DATA
2026-02-12 09:30:00,3,9,30,9.5,0,0,1,24,20,16,1.29,38,36.2,MEDIUM,SYNTHETIC_DEMO_DATA
2026-02-12 10:00:00,3,10,0,10.0,0,0,2,13,14,34,1.0,43,6.6,MEDIUM,SYNTHETIC_DEMO_DATA
2026-02-12 10:30:00,3,10,30,10.5,0,0,4,41,36,41,1.55,83,18.7,HIGH,SYNTHETIC_DEMO_DATA
2026-02-12 11:00:00,3,11,0,11.0,0,0,4,49,42,39,1.62,92,22.7,HIGH,SYNTHETIC_DEMO_DATA
2026-02-12 11:30:00,3,11,30,11.5,0,0,4,14,12,50,1.42,50,5.0,MEDIUM,SYNTHETIC_DEMO_DATA
2026-02-12 12:00:00,3,12,0,12.0,0,0,4,63,53,40,1.67,101,29.5,VERY HIGH,SYNTHETIC_DEMO_DATA
2026-02-12 12:30:00,3,12,30,12.5,0,0,5,66,53,42,1.93,106,27.2,VERY HIGH,SYNTHETIC_DEMO_DATA
2026-02-12 13:00:00,3,13,0,13.0,0,0,4,65,53,37,1.81,104,32.4,VERY HIGH,SYNTHETIC_DEMO_DATA
2026-02-12 13:30:00,3,13,30,13.5,0,0,3,76,63,29,1.99,103,55.6,VERY HIGH,SYNTHETIC_DEMO_DATA
2026-02-12 14:00:00,3,14,0,14.0,0,0,2,38,31,29,1.25,63,27.9,MEDIUM,SYNTHETIC_DEMO_DATA
2026-02-12 14:30:00,3,14,30,14.5,0,0,4,39,31,48,1.31,81,16.6,HIGH,SYNTHETIC_DEMO_DATA
2026-02-12 15:00:00,3,15,0,15.0,0,0,1,22,19,13,1.52,34,38.4,LOW,SYNTHETIC_DEMO_DATA
2026-02-12 15:30:00,3,15,30,15.5,0,0,1,13,11,15,1.22,25,18.6,LOW,SYNTHETIC_DEMO_DATA
2026-02-12 16:00:00,3,16,0,16.0,0,0,1,18,17,17,1.26,31,27.9,LOW,SYNTHETIC_DEMO_DATA
2026-02-12 16:30:00,3,16,30,16.5,0,0,4,38,31,45,1.61,80,17.6,HIGH,SYNTHETIC_DEMO_DATA
2026-02-12 17:00:00,3,17,0,17.0,0,0,3,53,45,31,1.87,79,36.1,HIGH,SYNTHETIC_DEMO_DATA
2026-02-12 17:30:00,3,17,30,17.5,0,0,3,55,45,28,1.77,82,35.8,HIGH,SYNTHETIC_DEMO_DATA
2026-02-12 18:00:00,3,18,0,18.0,0,0,3,15,16,31,1.64,43,9.7,MEDIUM,SYNTHETIC_DEMO_DATA
2026-02-12 18:30:00,3,18,30,18.5,0,0,1,24,21,18,1.05,42,30.4,MEDIUM,SYNTHETIC_DEMO_DATA
2026-02-12 19:00:00,3,19,0,19.0,0,0,1,9,8,17,1.46,23,14.0,LOW,SYNTHETIC_DEMO_DATA
2026-02-12 19:30:00,3,19,30,19.5,0,0,1,8,7,17,1.46,17,12.8,LOW,SYNTHETIC_DEMO_DATA
2026-02-13 08:00:00,4,8,0,8.0,0,0,2,16,13,23,1.59,34,15.0,LOW,SYNTHETIC_DEMO_DATA
2026-02-13 08:30:00,4,8,30,8.5,0,0,3,51,44,35,1.53,78,29.9,HIGH,SYNTHETIC_DEMO_DATA
2026-02-13 09:00:00,4,9,0,9.0,0,0,3,41,33,40,1.26,78,19.3,HIGH,SYNTHETIC_DEMO_DATA
2026-02-13 09:30:00,4,9,30,9.5,0,0,2,22,21,26,1.31,41,17.9,MEDIUM,SYNTHETIC_DEMO_DATA
2026-02-13 10:00:00,4,10,0,10.0,0,0,3,13,13,33,1.57,41,7.4,MEDIUM,SYNTHETIC_DEMO_DATA
2026-02-13 10:30:00,4,10,30,10.5,0,0,4,59,51,34,1.92,96,30.4,HIGH,SYNTHETIC_DEMO_DATA
2026-02-13 11:00:00,4,11,0,11.0,0,0,4,52,44,38,1.93,88,28.4,HIGH,SYNTHETIC_DEMO_DATA
2026-02-13 11:30:00,4,11,30,11.5,0,0,3,20,20,38,1.34,53,9.8,MEDIUM,SYNTHETIC_DEMO_DATA
2026-02-13 12:00:00,4,12,0,12.0,0,0,4,62,51,41,1.66,99,28.4,VERY HIGH,SYNTHETIC_DEMO_DATA
2026-02-13 12:30:00,4,12,30,12.5,0,0,4,61,51,38,1.94,100,31.7,VERY HIGH,SYNTHETIC_DEMO_DATA
2026-02-13 13:00:00,4,13,0,13.0,0,0,4,54,47,52,1.3,104,19.7,VERY HIGH,SYNTHETIC_DEMO_DATA
2026-02-13 13:30:00,4,13,30,13.5,0,0,3,79,65,28,1.87,109,56.6,VERY HIGH,SYNTHETIC_DEMO_DATA
2026-02-13 14:00:00,4,14,0,14.0,0,0,3,40,34,34,1.45,71,23.6,MEDIUM,SYNTHETIC_DEMO_DATA
2026-02-13 14:30:00,4,14,30,14.5,0,0,2,41,34,27,1.44,69,33.5,MEDIUM,SYNTHETIC_DEMO_DATA
2026-02-13 15:00:00,4,15,0,15.0,0,0,1,23,22,16,1.44,35,38.4,LOW,SYNTHETIC_DEMO_DATA
2026-02-13 15:30:00,4,15,30,15.5,0,0,2,2,5,28,1.35,28,3.6,LOW,SYNTHETIC_DEMO_DATA
2026-02-13 16:00:00,4,16,0,16.0,0,0,1,11,11,16,1.22,30,14.8,LOW,SYNTHETIC_DEMO_DATA
2026-02-13 16:30:00,4,16,30,16.5,0,0,5,29,27,58,1.47,82,10.9,HIGH,SYNTHETIC_DEMO_DATA
2026-02-13 17:00:00,4,17,0,17.0,0,0,5,43,37,44,1.8,85,18.1,HIGH,SYNTHETIC_DEMO_DATA
2026-02-13 17:30:00,4,17,30,17.5,0,0,4,42,35,48,1.41,81,17.3,HIGH,SYNTHETIC_DEMO_DATA
2026-02-13 18:00:00,4,18,0,18.0,0,0,2,20,17,30,1.2,45,12.7,MEDIUM,SYNTHETIC_DEMO_DATA
2026-02-13 18:30:00,4,18,30,18.5,0,0,2,28,23,27,1.5,48,23.7,MEDIUM,SYNTHETIC_DEMO_DATA
2026-02-13 19:00:00,4,19,0,19.0,0,0,2,5,6,16,1.15,16,3.3,LOW,SYNTHETIC_DEMO_DATA
2026-02-13 19:30:00,4,19,30,19.5,0,0,3,3,6,13,1.13,13,2.9,LOW,SYNTHETIC_DEMO_DATA
2026-02-14 08:00:00,5,8,0,8.0,0,0,3,4,6,21,1.31,21,3.0,LOW,SYNTHETIC_DEMO_DATA
2026-02-14 08:30:00,5,8,30,8.5,0,0,2,9,8,27,1.37,32,7.3,LOW,SYNTHETIC_DEMO_DATA
2026-02-14 09:00:00,5,9,0,9.0,0,0,3,4,5,29,1.77,29,2.8,LOW,SYNTHETIC_DEMO_DATA
2026-02-14 09:30:00,5,9,30,9.5,0,0,1,12,10,16,1.3,28,19.5,LOW,SYNTHETIC_DEMO_DATA
2026-02-14 10:00:00,5,10,0,10.0,0,0,3,8,7,29,1.15,29,3.2,LOW,SYNTHETIC_DEMO_DATA
2026-02-14 10:30:00,5,10,30,10.5,0,0,2,10,11,27,1.56,28,9.2,LOW,SYNTHETIC_DEMO_DATA
2026-02-14 11:00:00,5,11,0,11.0,0,0,2,2,4,21,1.36,21,1.1,LOW,SYNTHETIC_DEMO_DATA
2026-02-14 11:30:00,5,11,30,11.5,0,0,1,20,18,15,1.35,28,31.0,LOW,SYNTHETIC_DEMO_DATA
2026-02-14 12:00:00,5,12,0,12.0,0,0,3,6,5,39,1.27,40,2.2,MEDIUM,SYNTHETIC_DEMO_DATA
2026-02-14 12:30:00,5,12,30,12.5,0,0,1,30,24,17,1.46,43,49.8,MEDIUM,SYNTHETIC_DEMO_DATA
2026-02-14 13:00:00,5,13,0,13.0,0,0,2,23,22,29,1.37,46,18.6,MEDIUM,SYNTHETIC_DEMO_DATA
2026-02-14 13:30:00,5,13,30,13.5,0,0,1,35,32,12,1.61,46,64.9,MEDIUM,SYNTHETIC_DEMO_DATA
2026-02-14 14:00:00,5,14,0,14.0,0,0,2,18,18,30,1.23,43,14.2,MEDIUM,SYNTHETIC_DEMO_DATA
2026-02-14 14:30:00,5,14,30,14.5,0,0,2,10,9,29,1.14,29,6.1,LOW,SYNTHETIC_DEMO_DATA
2026-02-14 15:00:00,5,15,0,15.0,0,0,2,0,2,22,1.35,22,1.0,LOW,SYNTHETIC_DEMO_DATA
2026-02-14 15:30:00,5,15,30,15.5,0,0,1,26,22,13,1.47,36,44.5,LOW,SYNTHETIC_DEMO_DATA
2026-02-14 16:00:00,5,16,0,16.0,0,0,1,6,6,19,1.15,22,8.6,LOW,SYNTHETIC_DEMO_DATA
2026-02-14 16:30:00,5,16,30,16.5,0,0,1,7,6,17,1.55,17,12.4,LOW,SYNTHETIC_DEMO_DATA
2026-02-14 17:00:00,5,17,0,17.0,0,0,3,5,6,26,1.27,26,1.5,LOW,SYNTHETIC_DEMO_DATA
2026-02-14 17:30:00,5,17,30,17.5,0,0,1,13,11,19,1.24,27,18.8,LOW,SYNTHETIC_DEMO_DATA
2026-02-14 18:00:00,5,18,0,18.0,0,0,1,8,7,15,1.27,18,12.4,LOW,SYNTHETIC_DEMO_DATA
2026-02-14 18:30:00,5,18,30,18.5,0,0,2,12,11,27,1.32,27,10.0,LOW,SYNTHETIC_DEMO_DATA
2026-02-14 19:00:00,5,19,0,19.0,0,0,1,12,11,18,1.36,21,19.1,LOW,SYNTHETIC_DEMO_DATA
2026-02-14 19:30:00,5,19,30,19.5,0,0,1,12,10,14,1.5,22,20.1,LOW,SYNTHETIC_DEMO_DATA
2026-02-15 08:00:00,6,8,0,8.0,1,0,1,20,18,18,1.35,33,29.5,LOW,SYNTHETIC_DEMO_DATA
2026-02-15 08:30:00,6,8,30,8.5,1,0,2,10,10,27,1.26,27,8.0,LOW,SYNTHETIC_DEMO_DATA
2026-02-15 09:00:00,6,9,0,9.0,1,0,2,12,12,20,1.72,27,11.6,LOW,SYNTHETIC_DEMO_DATA
2026-02-15 09:30:00,6,9,30,9.5,1,0,2,12,11,28,1.29,32,9.1,LOW,SYNTHETIC_DEMO_DATA
2026-02-15 10:00:00,6,10,0,10.0,1,0,1,17,14,14,1.43,29,28.5,LOW,SYNTHETIC_DEMO_DATA
2026-02-15 10:30:00,6,10,30,10.5,1,0,1,6,7,17,1.26,19,8.7,LOW,SYNTHETIC_DEMO_DATA
2026-02-15 11:00:00,6,11,0,11.0,1,0,2,6,8,28,1.21,31,5.6,LOW,SYNTHETIC_DEMO_DATA
2026-02-15 11:30:00,6,11,30,11.5,1,0,2,0,2,24,1.19,24,1.0,LOW,SYNTHETIC_DEMO_DATA
2026-02-15 12:00:00,6,12,0,12.0,1,0,2,23,18,25,1.48,41,18.4,MEDIUM,SYNTHETIC_DEMO_DATA
2026-02-15 12:30:00,6,12,30,12.5,1,0,1,29,26,22,0.98,48,35.4,MEDIUM,SYNTHETIC_DEMO_DATA
2026-02-15 13:00:00,6,13,0,13.0,1,0,2,32,27,27,1.42,52,25.7,MEDIUM,SYNTHETIC_DEMO_DATA
2026-02-15 13:30:00,6,13,30,13.5,1,0,1,34,31,15,1.6,43,62.0,MEDIUM,SYNTHETIC_DEMO_DATA
2026-02-15 14:00:00,6,14,0,14.0,1,0,1,37,33,18,1.4,49,59.3,MEDIUM,SYNTHETIC_DEMO_DATA
2026-02-15 14:30:00,6,14,30,14.5,1,0,1,9,10,14,1.32,22,13.6,LOW,SYNTHETIC_DEMO_DATA
2026-02-15 15:00:00,6,15,0,15.0,1,0,2,5,4,24,1.57,24,3.9,LOW,SYNTHETIC_DEMO_DATA
2026-02-15 15:30:00,6,15,30,15.5,1,0,1,14,12,15,1.6,25,25.8,LOW,SYNTHETIC_DEMO_DATA
2026-02-15 16:00:00,6,16,0,16.0,1,0,1,14,13,15,1.39,30,22.2,LOW,SYNTHETIC_DEMO_DATA
2026-02-15 16:30:00,6,16,30,16.5,1,0,2,7,6,26,1.32,30,5.0,LOW,SYNTHETIC_DEMO_DATA
2026-02-15 17:00:00,6,17,0,17.0,1,0,1,14,12,15,1.49,24,24.6,LOW,SYNTHETIC_DEMO_DATA
2026-02-15 17:30:00,6,17,30,17.5,1,0,1,15,14,17,1.19,29,19.6,LOW,SYNTHETIC_DEMO_DATA
2026-02-15 18:00:00,6,18,0,18.0,1,0,3,8,9,28,1.42,28,4.8,LOW,SYNTHETIC_DEMO_DATA
2026-02-15 18:30:00,6,18,30,18.5,1,0,1,4,7,18,1.06,22,5.8,LOW,SYNTHETIC_DEMO_DATA
2026-02-15 19:00:00,6,19,0,19.0,1,0,1,13,12,17,1.18,26,18.1,LOW,SYNTHETIC_DEMO_DATA
2026-02-15 19:30:00,6,19,30,19.5,1,0,1,14,14,12,1.49,28,23.5,LOW,SYNTHETIC_DEMO_DATA
2026-02-16 08:00:00,0,8,0,8.0,0,0,1,18,16,19,1.34,31,29.6,LOW,SYNTHETIC_DEMO_DATA
2026-02-16 08:30:00,0,8,30,8.5,0,0,2,48,42,23,1.45,74,41.4,HIGH,SYNTHETIC_DEMO_DATA
2026-02-16 09:00:00,0,9,0,9.0,0,0,4,35,30,47,1.35,80,12.9,HIGH,SYNTHETIC_DEMO_DATA
2026-02-16 09:30:00,0,9,30,9.5,0,0,1,23,19,21,1.12,39,30.6,MEDIUM,SYNTHETIC_DEMO_DATA
2026-02-16 10:00:00,0,10,0,10.0,0,0,1,31,26,18,1.38,41,48.1,MEDIUM,SYNTHETIC_DEMO_DATA
2026-02-16 10:30:00,0,10,30,10.5,0,0,5,36,30,46,1.74,84,14.3,HIGH,SYNTHETIC_DEMO_DATA
2026-02-16 11:00:00,0,11,0,11.0,0,0,4,52,43,42,1.72,89,24.5,HIGH,SYNTHETIC_DEMO_DATA
2026-02-16 11:30:00,0,11,30,11.5,0,0,2,21,20,26,1.3,46,16.9,MEDIUM,SYNTHETIC_DEMO_DATA
2026-02-16 12:00:00,0,12,0,12.0,0,0,5,42,36,61,1.34,100,12.7,VERY HIGH,SYNTHETIC_DEMO_DATA
2026-02-16 12:30:00,0,12,30,12.5,0,0,5,41,34,62,1.27,101,10.7,VERY HIGH,SYNTHETIC_DEMO_DATA
2026-02-16 13:00:00,0,13,0,13.0,0,0,4,63,52,41,1.64,102,29.4,VERY HIGH,SYNTHETIC_DEMO_DATA
2026-02-16 13:30:00,0,13,30,13.5,0,0,3,67,56,34,1.53,99,38.7,VERY HIGH,SYNTHETIC_DEMO_DATA
2026-02-16 14:00:00,0,14,0,14.0,0,0,3,32,28,47,1.1,73,13.7,HIGH,SYNTHETIC_DEMO_DATA
2026-02-16 14:30:00,0,14,30,14.5,0,0,2,41,37,24,1.55,66,36.2,MEDIUM,SYNTHETIC_DEMO_DATA
2026-02-16 15:00:00,0,15,0,15.0,0,0,1,24,23,18,1.22,35,34.6,LOW,SYNTHETIC_DEMO_DATA
2026-02-16 15:30:00,0,15,30,15.5,0,0,2,7,9,26,1.24,31,5.1,LOW,SYNTHETIC_DEMO_DATA
2026-02-16 16:00:00,0,16,0,16.0,0,0,1,21,20,15,1.64,30,37.7,LOW,SYNTHETIC_DEMO_DATA
2026-02-16 16:30:00,0,16,30,16.5,0,0,4,47,39,36,1.81,82,24.0,HIGH,SYNTHETIC_DEMO_DATA
2026-02-16 17:00:00,0,17,0,17.0,0,0,4,43,37,34,1.88,80,22.4,HIGH,SYNTHETIC_DEMO_DATA
2026-02-16 17:30:00,0,17,30,17.5,0,0,4,42,37,48,1.3,86,16.4,HIGH,SYNTHETIC_DEMO_DATA
2026-02-16 18:00:00,0,18,0,18.0,0,0,3,10,9,45,1.1,47,4.6,MEDIUM,SYNTHETIC_DEMO_DATA
2026-02-16 18:30:00,0,18,30,18.5,0,0,1,27,25,17,1.33,41,42.0,MEDIUM,SYNTHETIC_DEMO_DATA
2026-02-16 19:00:00,0,19,0,19.0,0,0,1,11,10,18,1.4,23,18.0,LOW,SYNTHETIC_DEMO_DATA
2026-02-16 19:30:00,0,19,30,19.5,0,0,1,7,7,16,1.57,18,12.2,LOW,SYNTHETIC_DEMO_DATA
2026-02-17 08:00:00,1,8,0,8.0,0,0,2,8,7,28,1.24,32,6.3,LOW,SYNTHETIC_DEMO_DATA
2026-02-17 08:30:00,1,8,30,8.5,0,0,4,40,32,44,1.64,78,20.4,HIGH,SYNTHETIC_DEMO_DATA
2026-02-17 09:00:00,1,9,0,9.0,0,0,3,38,33,40,1.29,72,17.8,MEDIUM,SYNTHETIC_DEMO_DATA
2026-02-17 09:30:00,1,9,30,9.5,0,0,1,32,29,15,1.48,39,55.0,MEDIUM,SYNTHETIC_DEMO_DATA
2026-02-17 10:00:00,1,10,0,10.0,0,0,3,11,9,35,1.42,37,5.4,MEDIUM,SYNTHETIC_DEMO_DATA
2026-02-17 10:30:00,1,10,30,10.5,0,0,4,53,44,38,1.69,91,25.8,HIGH,SYNTHETIC_DEMO_DATA
2026-02-17 11:00:00,1,11,0,11.0,0,0,5,47,41,44,1.83,84,19.4,HIGH,SYNTHETIC_DEMO_DATA
2026-02-17 11:30:00,1,11,30,11.5,0,0,3,17,15,37,1.37,49,8.7,MEDIUM,SYNTHETIC_DEMO_DATA
2026-02-17 12:00:00,1,12,0,12.0,0,0,4,62,52,40,1.73,99,29.0,VERY HIGH,SYNTHETIC_DEMO_DATA
2026-02-17 12:30:00,1,12,30,12.5,0,0,4,62,52,33,1.92,99,30.8,VERY HIGH,SYNTHETIC_DEMO_DATA
2026-02-17 13:00:00,1,13,0,13.0,0,0,4,72,58,34,1.98,107,39.7,VERY HIGH,SYNTHETIC_DEMO_DATA
2026-02-17 13:30:00,1,13,30,13.5,0,0,3,77,62,29,1.76,107,50.1,VERY HIGH,SYNTHETIC_DEMO_DATA
2026-02-17 14:00:00,1,14,0,14.0,0,0,2,49,41,27,1.43,72,39.9,MEDIUM,SYNTHETIC_DEMO_DATA
2026-02-17 14:30:00,1,14,30,14.5,0,0,2,50,43,23,1.49,71,42.7,MEDIUM,SYNTHETIC_DEMO_DATA
2026-02-17 15:00:00,1,15,0,15.0,0,0,3,8,10,31,1.67,33,4.4,LOW,SYNTHETIC_DEMO_DATA
2026-02-17 15:30:00,1,15,30,15.5,0,0,1,16,14,16,1.34,27,24.8,LOW,SYNTHETIC_DEMO_DATA
2026-02-17 16:00:00,1,16,0,16.0,0,0,1,17,16,16,1.44,27,28.8,LOW,SYNTHETIC_DEMO_DATA
2026-02-17 16:30:00,1,16,30,16.5,0,0,4,45,39,40,1.62,83,20.9,HIGH,SYNTHETIC_DEMO_DATA
2026-02-17 17:00:00,1,17,0,17.0,0,0,4,48,42,45,1.52,90,21.3,HIGH,SYNTHETIC_DEMO_DATA
2026-02-17 17:30:00,1,17,30,17.5,0,0,4,35,31,43,1.63,74,17.5,HIGH,SYNTHETIC_DEMO_DATA
2026-02-17 18:00:00,1,18,0,18.0,0,0,2,18,15,27,1.36,45,13.9,MEDIUM,SYNTHETIC_DEMO_DATA
2026-02-17 18:30:00,1,18,30,18.5,0,0,2,24,23,26,1.51,45,20.3,MEDIUM,SYNTHETIC_DEMO_DATA
2026-02-17 19:00:00,1,19,0,19.0,0,0,1,10,11,17,1.08,20,13.2,LOW,SYNTHETIC_DEMO_DATA
2026-02-17 19:30:00,1,19,30,19.5,0,0,1,17,16,15,1.48,21,29.2,LOW,SYNTHETIC_DEMO_DATA
2026-02-18 08:00:00,2,8,0,8.0,0,0,2,6,8,30,1.35,30,5.1,LOW,SYNTHETIC_DEMO_DATA
2026-02-18 08:30:00,2,8,30,8.5,0,0,2,49,43,24,1.44,76,40.7,HIGH,SYNTHETIC_DEMO_DATA
2026-02-18 09:00:00,2,9,0,9.0,0,0,3,32,26,45,1.08,74,14.8,HIGH,SYNTHETIC_DEMO_DATA
2026-02-18 09:30:00,2,9,30,9.5,0,0,2,19,19,30,1.36,36,15.7,LOW,SYNTHETIC_DEMO_DATA
2026-02-18 10:00:00,2,10,0,10.0,0,0,2,15,14,27,1.22,39,10.9,MEDIUM,SYNTHETIC_DEMO_DATA
2026-02-18 10:30:00,2,10,30,10.5,0,0,4,47,40,38,1.8,79,23.9,HIGH,SYNTHETIC_DEMO_DATA
2026-02-18 11:00:00,2,11,0,11.0,0,0,4,46,40,43,1.51,87,19.6,HIGH,SYNTHETIC_DEMO_DATA
2026-02-18 11:30:00,2,11,30,11.5,0,0,4,13,12,48,1.41,52,5.1,MEDIUM,SYNTHETIC_DEMO_DATA
2026-02-18 12:00:00,2,12,0,12.0,0,0,4,67,54,37,2.01,100,36.2,VERY HIGH,SYNTHETIC_DEMO_DATA
2026-02-18 12:30:00,2,12,30,12.5,0,0,4,53,45,49,1.27,101,19.6,VERY HIGH,SYNTHETIC_DEMO_DATA
2026-02-18 13:00:00,2,13,0,13.0,0,0,4,67,56,41,1.67,106,31.2,VERY HIGH,SYNTHETIC_DEMO_DATA
2026-02-18 13:30:00,2,13,30,13.5,0,0,4,56,49,41,1.79,97,28.4,VERY HIGH,SYNTHETIC_DEMO_DATA
2026-02-18 14:00:00,2,14,0,14.0,0,0,2,42,38,25,1.39,70,33.9,MEDIUM,SYNTHETIC_DEMO_DATA
2026-02-18 14:30:00,2,14,30,14.5,0,0,3,27,23,42,1.31,62,12.9,MEDIUM,SYNTHETIC_DEMO_DATA
2026-02-18 15:00:00,2,15,0,15.0,0,0,2,5,5,22,1.5,29,4.6,LOW,SYNTHETIC_DEMO_DATA
2026-02-18 15:30:00,2,15,30,15.5,0,0,3,4,5,28,1.71,28,1.4,LOW,SYNTHETIC_DEMO_DATA
2026-02-18 16:00:00,2,16,0,16.0,0,0,1,16,16,20,1.2,33,23.5,LOW,SYNTHETIC_DEMO_DATA
2026-02-18 16:30:00,2,16,30,16.5,0,0,3,46,41,30,1.75,73,31.9,HIGH,SYNTHETIC_DEMO_DATA
2026-02-18 17:00:00,2,17,0,17.0,0,0,4,48,40,36,2.05,81,25.7,HIGH,SYNTHETIC_DEMO_DATA
2026-02-18 17:30:00,2,17,30,17.5,0,0,3,60,49,32,1.78,81,39.5,HIGH,SYNTHETIC_DEMO_DATA
2026-02-18 18:00:00,2,18,0,18.0,0,0,2,29,27,28,1.31,47,20.6,MEDIUM,SYNTHETIC_DEMO_DATA
2026-02-18 18:30:00,2,18,30,18.5,0,0,2,17,14,38,0.93,45,10.8,MEDIUM,SYNTHETIC_DEMO_DATA
2026-02-18 19:00:00,2,19,0,19.0,0,0,2,3,3,11,1.47,11,1.9,LOW,SYNTHETIC_DEMO_DATA
2026-02-18 19:30:00,2,19,30,19.5,0,0,1,15,15,12,1.46,28,24.3,LOW,SYNTHETIC_DEMO_DATA
2026-02-19 08:00:00,3,8,0,8.0,0,0,1,26,22,12,1.6,36,47.6,LOW,SYNTHETIC_DEMO_DATA
2026-02-19 08:30:00,3,8,30,8.5,0,0,3,46,39,35,1.67,79,28.4,HIGH,SYNTHETIC_DEMO_DATA
2026-02-19 09:00:00,3,9,0,9.0,0,0,3,34,31,45,1.13,78,15.1,HIGH,SYNTHETIC_DEMO_DATA
2026-02-19 09:30:00,3,9,30,9.5,0,0,1,22,18,17,1.42,33,35.4,LOW,SYNTHETIC_DEMO_DATA
2026-02-19 10:00:00,3,10,0,10.0,0,0,1,18,16,21,1.03,35,22.3,LOW,SYNTHETIC_DEMO_DATA
2026-02-19 10:30:00,3,10,30,10.5,0,0,4,46,37,39,1.87,82,23.3,HIGH,SYNTHETIC_DEMO_DATA
2026-02-19 11:00:00,3,11,0,11.0,0,0,4,45,36,41,1.57,84,19.2,HIGH,SYNTHETIC_DEMO_DATA
2026-02-19 11:30:00,3,11,30,11.5,0,0,3,14,14,31,1.57,46,8.8,MEDIUM,SYNTHETIC_DEMO_DATA
2026-02-19 12:00:00,3,12,0,12.0,0,0,4,60,52,36,1.95,92,32.7,HIGH,SYNTHETIC_DEMO_DATA
2026-02-19 12:30:00,3,12,30,12.5,0,0,4,51,44,41,1.61,96,23.0,HIGH,SYNTHETIC_DEMO_DATA
2026-02-19 13:00:00,3,13,0,13.0,0,0,5,47,39,59,1.43,96,16.6,HIGH,SYNTHETIC_DEMO_DATA
2026-02-19 13:30:00,3,13,30,13.5,0,0,4,55,45,37,1.76,92,27.9,HIGH,SYNTHETIC_DEMO_DATA
2026-02-19 14:00:00,3,14,0,14.0,0,0,3,18,18,60,0.83,71,7.9,MEDIUM,SYNTHETIC_DEMO_DATA
2026-02-19 14:30:00,3,14,30,14.5,0,0,3,39,35,35,1.37,71,19.2,MEDIUM,SYNTHETIC_DEMO_DATA
2026-02-19 15:00:00,3,15,0,15.0,0,0,2,9,11,31,1.15,33,5.7,LOW,SYNTHETIC_DEMO_DATA
2026-02-19 15:30:00,3,15,30,15.5,0,0,3,11,10,35,1.06,35,5.0,LOW,SYNTHETIC_DEMO_DATA
2026-02-19 16:00:00,3,16,0,16.0,0,0,2,0,2,31,0.93,31,1.3,LOW,SYNTHETIC_DEMO_DATA
2026-02-19 16:30:00,3,16,30,16.5,0,0,4,54,47,39,1.83,90,26.4,HIGH,SYNTHETIC_DEMO_DATA
2026-02-19 17:00:00,3,17,0,17.0,0,0,4,43,35,37,1.91,79,22.4,HIGH,SYNTHETIC_DEMO_DATA
2026-02-19 17:30:00,3,17,30,17.5,0,0,4,45,39,42,1.61,84,21.0,HIGH,SYNTHETIC_DEMO_DATA
2026-02-19 18:00:00,3,18,0,18.0,0,0,1,40,35,15,1.73,43,78.7,MEDIUM,SYNTHETIC_DEMO_DATA
2026-02-19 18:30:00,3,18,30,18.5,0,0,2,24,23,24,1.41,43,19.8,MEDIUM,SYNTHETIC_DEMO_DATA
2026-02-19 19:00:00,3,19,0,19.0,0,0,1,9,10,23,0.96,23,10.2,LOW,SYNTHETIC_DEMO_DATA
2026-02-19 19:30:00,3,19,30,19.5,0,0,1,19,17,16,1.57,24,34.4,LOW,SYNTHETIC_DEMO_DATA
2026-02-20 08:00:00,4,8,0,8.0,0,0,1,22,21,14,1.36,33,35.8,LOW,SYNTHETIC_DEMO_DATA
2026-02-20 08:30:00,4,8,30,8.5,0,0,2,53,44,33,1.13,80,35.6,HIGH,SYNTHETIC_DEMO_DATA
2026-02-20 09:00:00,4,9,0,9.0,0,0,3,37,30,47,1.14,78,15.7,HIGH,SYNTHETIC_DEMO_DATA
2026-02-20 09:30:00,4,9,30,9.5,0,0,1,25,24,17,1.25,35,36.6,LOW,SYNTHETIC_DEMO_DATA
2026-02-20 10:00:00,4,10,0,10.0,0,0,1,30,27,17,1.55,42,54.8,MEDIUM,SYNTHETIC_DEMO_DATA
2026-02-20 10:30:00,4,10,30,10.5,0,0,4,58,48,44,1.68,90,27.1,HIGH,SYNTHETIC_DEMO_DATA
2026-02-20 11:00:00,4,11,0,11.0,0,0,4,47,38,40,1.72,85,22.7,HIGH,SYNTHETIC_DEMO_DATA
2026-02-20 11:30:00,4,11,30,11.5,0,0,2,20,18,33,1.01,48,11.6,MEDIUM,SYNTHETIC_DEMO_DATA
2026-02-20 12:00:00,4,12,0,12.0,0,0,3,70,59,39,1.39,105,37.9,VERY HIGH,SYNTHETIC_DEMO_DATA
2026-02-20 12:30:00,4,12,30,12.5,0,0,4,68,58,34,2.07,101,38.5,VERY HIGH,SYNTHETIC_DEMO_DATA
2026-02-20 13:00:00,4,13,0,13.0,0,0,4,58,48,45,1.55,97,25.8,VERY HIGH,SYNTHETIC_DEMO_DATA
2026-02-20 13:30:00,4,13,30,13.5,0,0,4,74,62,42,1.73,106,36.4,VERY HIGH,SYNTHETIC_DEMO_DATA
2026-02-20 14:00:00,4,14,0,14.0,0,0,3,38,33,37,1.48,72,21.5,MEDIUM,SYNTHETIC_DEMO_DATA
2026-02-20 14:30:00,4,14,30,14.5,0,0,4,19,19,58,1.15,67,5.4,MEDIUM,SYNTHETIC_DEMO_DATA
2026-02-20 15:00:00,4,15,0,15.0,0,0,1,25,21,15,1.21,37,36.5,MEDIUM,SYNTHETIC_DEMO_DATA
2026-02-20 15:30:00,4,15,30,15.5,0,0,2,12,10,28,1.26,31,8.9,LOW,SYNTHETIC_DEMO_DATA
2026-02-20 16:00:00,4,16,0,16.0,0,0,1,14,15,19,1.07,29,19.3,LOW,SYNTHETIC_DEMO_DATA
2026-02-20 16:30:00,4,16,30,16.5,0,0,3,53,46,31,1.74,83,33.9,HIGH,SYNTHETIC_DEMO_DATA
2026-02-20 17:00:00,4,17,0,17.0,0,0,3,50,41,32,1.72,77,32.3,HIGH,SYNTHETIC_DEMO_DATA
2026-02-20 17:30:00,4,17,30,17.5,0,0,3,48,40,34,1.57,82,29.3,HIGH,SYNTHETIC_DEMO_DATA
2026-02-20 18:00:00,4,18,0,18.0,0,0,1,31,28,15,1.22,48,45.2,MEDIUM,SYNTHETIC_DEMO_DATA
2026-02-20 18:30:00,4,18,30,18.5,0,0,2,18,18,27,1.27,40,13.4,MEDIUM,SYNTHETIC_DEMO_DATA
2026-02-20 19:00:00,4,19,0,19.0,0,0,1,9,10,14,1.39,17,16.0,LOW,SYNTHETIC_DEMO_DATA
2026-02-20 19:30:00,4,19,30,19.5,0,0,2,7,7,17,1.3,17,5.5,LOW,SYNTHETIC_DEMO_DATA
2026-02-21 08:00:00,5,8,0,8.0,0,0,2,0,0,30,1.25,30,1.0,LOW,SYNTHETIC_DEMO_DATA
2026-02-21 08:30:00,5,8,30,8.5,0,0,3,4,5,17,1.32,17,1.9,LOW,SYNTHETIC_DEMO_DATA
2026-02-21 09:00:00,5,9,0,9.0,0,0,2,8,7,27,1.19,33,5.1,LOW,SYNTHETIC_DEMO_DATA
2026-02-21 09:30:00,5,9,30,9.5,0,0,1,13,11,14,1.29,23,19.9,LOW,SYNTHETIC_DEMO_DATA
2026-02-21 10:00:00,5,10,0,10.0,0,0,1,8,10,20,1.18,25,12.0,LOW,SYNTHETIC_DEMO_DATA
2026-02-21 10:30:00,5,10,30,10.5,0,0,1,12,11,17,1.51,18,20.4,LOW,SYNTHETIC_DEMO_DATA
2026-02-21 11:00:00,5,11,0,11.0,0,0,2,2,5,24,1.43,25,1.7,LOW,SYNTHETIC_DEMO_DATA
2026-02-21 11:30:00,5,11,30,11.5,0,0,2,12,12,30,1.18,34,8.3,LOW,SYNTHETIC_DEMO_DATA
2026-02-21 12:00:00,5,12,0,12.0,0,0,2,24,21,27,1.22,46,17.6,MEDIUM,SYNTHETIC_DEMO_DATA
2026-02-21 12:30:00,5,12,30,12.5,0,0,1,30,26,14,1.47,50,50.5,MEDIUM,SYNTHETIC_DEMO_DATA
2026-02-21 13:00:00,5,13,0,13.0,0,0,1,27,25,15,1.29,45,41.9,MEDIUM,SYNTHETIC_DEMO_DATA
2026-02-21 13:30:00,5,13,30,13.5,0,0,1,32,28,18,1.1,41,43.7,MEDIUM,SYNTHETIC_DEMO_DATA
2026-02-21 14:00:00,5,14,0,14.0,0,0,1,36,32,14,1.37,44,55.8,MEDIUM,SYNTHETIC_DEMO_DATA
2026-02-21 14:30:00,5,14,30,14.5,0,0,1,10,9,15,1.45,23,15.4,LOW,SYNTHETIC_DEMO_DATA
2026-02-21 15:00:00,5,15,0,15.0,0,0,1,15,14,13,1.6,24,28.1,LOW,SYNTHETIC_DEMO_DATA
2026-02-21 15:30:00,5,15,30,15.5,0,0,1,17,14,18,1.52,26,28.8,LOW,SYNTHETIC_DEMO_DATA
2026-02-21 16:00:00,5,16,0,16.0,0,0,1,17,15,17,1.28,27,25.5,LOW,SYNTHETIC_DEMO_DATA
2026-02-21 16:30:00,5,16,30,16.5,0,0,1,15,15,19,1.15,29,20.2,LOW,SYNTHETIC_DEMO_DATA
2026-02-21 17:00:00,5,17,0,17.0,0,0,2,5,5,23,1.44,23,5.4,LOW,SYNTHETIC_DEMO_DATA
2026-02-21 17:30:00,5,17,30,17.5,0,0,2,1,2,26,1.16,26,1.0,LOW,SYNTHETIC_DEMO_DATA
2026-02-21 18:00:00,5,18,0,18.0,0,0,2,1,2,21,1.29,21,1.0,LOW,SYNTHETIC_DEMO_DATA
2026-02-21 18:30:00,5,18,30,18.5,0,0,1,14,14,19,1.23,26,21.5,LOW,SYNTHETIC_DEMO_DATA
2026-02-21 19:00:00,5,19,0,19.0,0,0,1,19,15,14,1.48,24,31.3,LOW,SYNTHETIC_DEMO_DATA
2026-02-21 19:30:00,5,19,30,19.5,0,0,2,0,4,25,1.27,25,1.0,LOW,SYNTHETIC_DEMO_DATA
2026-02-22 08:00:00,6,8,0,8.0,1,0,1,20,17,14,1.53,29,34.0,LOW,SYNTHETIC_DEMO_DATA
2026-02-22 08:30:00,6,8,30,8.5,1,0,1,18,17,14,1.47,28,31.1,LOW,SYNTHETIC_DEMO_DATA
2026-02-22 09:00:00,6,9,0,9.0,1,0,1,7,7,20,1.15,22,9.3,LOW,SYNTHETIC_DEMO_DATA
2026-02-22 09:30:00,6,9,30,9.5,1,0,2,0,3,27,1.25,27,1.2,LOW,SYNTHETIC_DEMO_DATA
2026-02-22 10:00:00,6,10,0,10.0,1,0,2,10,9,25,1.36,25,7.3,LOW,SYNTHETIC_DEMO_DATA
2026-02-22 10:30:00,6,10,30,10.5,1,0,2,10,10,25,1.63,25,9.3,LOW,SYNTHETIC_DEMO_DATA
2026-02-22 11:00:00,6,11,0,11.0,1,0,1,17,15,15,1.59,24,30.5,LOW,SYNTHETIC_DEMO_DATA
2026-02-22 11:30:00,6,11,30,11.5,1,0,2,4,6,22,1.55,23,3.6,LOW,SYNTHETIC_DEMO_DATA
2026-02-22 12:00:00,6,12,0,12.0,1,0,1,33,27,18,1.27,49,50.1,MEDIUM,SYNTHETIC_DEMO_DATA
2026-02-22 12:30:00,6,12,30,12.5,1,0,1,34,29,16,1.46,50,56.3,MEDIUM,SYNTHETIC_DEMO_DATA
2026-02-22 13:00:00,6,13,0,13.0,1,0,3,11,10,35,1.48,40,6.0,MEDIUM,SYNTHETIC_DEMO_DATA
2026-02-22 13:30:00,6,13,30,13.5,1,0,1,30,27,12,1.69,39,58.3,MEDIUM,SYNTHETIC_DEMO_DATA
2026-02-22 14:00:00,6,14,0,14.0,1,0,1,34,28,12,1.67,51,63.7,MEDIUM,SYNTHETIC_DEMO_DATA
2026-02-22 14:30:00,6,14,30,14.5,1,0,2,4,6,27,1.23,27,4.1,LOW,SYNTHETIC_DEMO_DATA
2026-02-22 15:00:00,6,15,0,15.0,1,0,1,17,16,18,1.36,29,26.1,LOW,SYNTHETIC_DEMO_DATA
2026-02-22 15:30:00,6,15,30,15.5,1,0,1,12,12,14,1.43,20,20.8,LOW,SYNTHETIC_DEMO_DATA
2026-02-22 16:00:00,6,16,0,16.0,1,0,2,4,5,19,1.23,19,2.7,LOW,SYNTHETIC_DEMO_DATA
2026-02-22 16:30:00,6,16,30,16.5,1,0,2,2,5,22,1.4,22,2.4,LOW,SYNTHETIC_DEMO_DATA
2026-02-22 17:00:00,6,17,0,17.0,1,0,2,5,8,25,1.41,25,4.0,LOW,SYNTHETIC_DEMO_DATA
2026-02-22 17:30:00,6,17,30,17.5,1,0,2,0,4,23,1.28,23,1.7,LOW,SYNTHETIC_DEMO_DATA
2026-02-22 18:00:00,6,18,0,18.0,1,0,1,16,16,14,1.31,27,23.6,LOW,SYNTHETIC_DEMO_DATA
2026-02-22 18:30:00,6,18,30,18.5,1,0,1,18,18,15,1.2,28,25.7,LOW,SYNTHETIC_DEMO_DATA
2026-02-22 19:00:00,6,19,0,19.0,1,0,1,6,8,22,0.88,23,7.2,LOW,SYNTHETIC_DEMO_DATA
2026-02-22 19:30:00,6,19,30,19.5,1,0,2,1,3,28,1.26,28,1.0,LOW,SYNTHETIC_DEMO_DATA
2026-02-23 08:00:00,0,8,0,8.0,1,1,1,15,16,18,1.19,29,21.4,LOW,SYNTHETIC_DEMO_DATA
2026-02-23 08:30:00,0,8,30,8.5,1,1,1,14,13,16,1.29,29,20.8,LOW,SYNTHETIC_DEMO_DATA
2026-02-23 09:00:00,0,9,0,9.0,1,1,2,5,6,21,1.53,21,4.5,LOW,SYNTHETIC_DEMO_DATA
2026-02-23 09:30:00,0,9,30,9.5,1,1,1,9,8,18,1.28,23,13.1,LOW,SYNTHETIC_DEMO_DATA
2026-02-23 10:00:00,0,10,0,10.0,1,1,1,21,18,15,1.29,26,31.8,LOW,SYNTHETIC_DEMO_DATA
2026-02-23 10:30:00,0,10,30,10.5,1,1,1,18,16,13,1.42,28,27.9,LOW,SYNTHETIC_DEMO_DATA
2026-02-23 11:00:00,0,11,0,11.0,1,1,1,22,20,11,1.8,28,44.4,LOW,SYNTHETIC_DEMO_DATA
2026-02-23 11:30:00,0,11,30,11.5,1,1,2,10,11,27,1.43,33,8.8,LOW,SYNTHETIC_DEMO_DATA
2026-02-23 12:00:00,0,12,0,12.0,1,1,1,29,26,19,1.29,46,44.4,MEDIUM,SYNTHETIC_DEMO_DATA
2026-02-23 12:30:00,0,12,30,12.5,1,1,2,26,21,21,1.67,41,24.7,MEDIUM,SYNTHETIC_DEMO_DATA
2026-02-23 13:00:00,0,13,0,13.0,1,1,2,19,16,21,1.61,41,18.3,MEDIUM,SYNTHETIC_DEMO_DATA
2026-02-23 13:30:00,0,13,30,13.5,1,1,2,23,20,19,1.81,48,23.6,MEDIUM,SYNTHETIC_DEMO_DATA
2026-02-23 14:00:00,0,14,0,14.0,1,1,2,23,18,22,1.5,44,20.4,MEDIUM,SYNTHETIC_DEMO_DATA
2026-02-23 14:30:00,0,14,30,14.5,1,1,2,9,10,28,1.35,28,7.7,LOW,SYNTHETIC_DEMO_DATA
2026-02-23 15:00:00,0,15,0,15.0,1,1,2,3,4,23,1.5,23,2.4,LOW,SYNTHETIC_DEMO_DATA
2026-02-23 15:30:00,0,15,30,15.5,1,1,1,3,4,12,1.57,12,5.4,LOW,SYNTHETIC_DEMO_DATA
2026-02-23 16:00:00,0,16,0,16.0,1,1,2,5,7,24,1.45,27,4.5,LOW,SYNTHETIC_DEMO_DATA
2026-02-23 16:30:00,0,16,30,16.5,1,1,2,2,5,23,1.33,23,2.8,LOW,SYNTHETIC_DEMO_DATA
2026-02-23 17:00:00,0,17,0,17.0,1,1,2,8,8,24,1.59,24,7.3,LOW,SYNTHETIC_DEMO_DATA
2026-02-23 17:30:00,0,17,30,17.5,1,1,2,8,10,27,1.44,28,6.0,LOW,SYNTHETIC_DEMO_DATA
2026-02-23 18:00:00,0,18,0,18.0,1,1,2,8,8,27,1.27,34,6.3,LOW,SYNTHETIC_DEMO_DATA
2026-02-23 18:30:00,0,18,30,18.5,1,1,1,11,10,16,1.36,23,17.7,LOW,SYNTHETIC_DEMO_DATA
2026-02-23 19:00:00,0,19,0,19.0,1,1,1,21,17,14,1.37,32,34.0,LOW,SYNTHETIC_DEMO_DATA
2026-02-23 19:30:00,0,19,30,19.5,1,1,2,1,1,17,1.13,17,1.8,LOW,SYNTHETIC_DEMO_DATA
2026-02-24 08:00:00,1,8,0,8.0,0,1,2,7,9,22,1.66,23,6.1,LOW,SYNTHETIC_DEMO_DATA
2026-02-24 08:30:00,1,8,30,8.5,0,1,3,31,27,36,1.35,67,16.4,MEDIUM,SYNTHETIC_DEMO_DATA
2026-02-24 09:00:00,1,9,0,9.0,0,1,3,40,36,35,1.52,68,23.1,MEDIUM,SYNTHETIC_DEMO_DATA
2026-02-24 09:30:00,1,9,30,9.5,0,1,2,11,9,24,1.48,35,9.1,LOW,SYNTHETIC_DEMO_DATA
2026-02-24 10:00:00,1,10,0,10.0,0,1,1,11,9,18,1.38,25,17.3,LOW,SYNTHETIC_DEMO_DATA
2026-02-24 10:30:00,1,10,30,10.5,0,1,3,71,58,27,1.77,106,47.1,VERY HIGH,SYNTHETIC_DEMO_DATA
2026-02-24 11:00:00,1,11,0,11.0,0,1,3,64,54,31,1.56,98,37.5,VERY HIGH,SYNTHETIC_DEMO_DATA
2026-02-24 11:30:00,1,11,30,11.5,0,1,2,26,22,32,1.06,57,18.0,MEDIUM,SYNTHETIC_DEMO_DATA
2026-02-24 12:00:00,1,12,0,12.0,0,1,3,58,50,25,2.02,83,44.7,HIGH,SYNTHETIC_DEMO_DATA
2026-02-24 12:30:00,1,12,30,12.5,0,1,3,74,63,27,1.9,105,53.6,VERY HIGH,SYNTHETIC_DEMO_DATA
2026-02-24 13:00:00,1,13,0,13.0,0,1,5,57,49,42,1.98,97,25.0,VERY HIGH,SYNTHETIC_DEMO_DATA
2026-02-24 13:30:00,1,13,30,13.5,0,1,4,54,45,46,1.41,100,21.1,VERY HIGH,SYNTHETIC_DEMO_DATA
2026-02-24 14:00:00,1,14,0,14.0,0,1,2,43,38,22,1.48,62,37.6,MEDIUM,SYNTHETIC_DEMO_DATA
2026-02-24 14:30:00,1,14,30,14.5,0,1,4,21,17,50,1.33,61,8.7,MEDIUM,SYNTHETIC_DEMO_DATA
2026-02-24 15:00:00,1,15,0,15.0,0,1,2,1,5,23,1.25,23,1.0,LOW,SYNTHETIC_DEMO_DATA
2026-02-24 15:30:00,1,15,30,15.5,0,1,1,6,6,19,1.39,21,9.3,LOW,SYNTHETIC_DEMO_DATA
2026-02-24 16:00:00,1,16,0,16.0,0,1,1,17,15,15,1.22,28,24.6,LOW,SYNTHETIC_DEMO_DATA
2026-02-24 16:30:00,1,16,30,16.5,0,1,4,60,52,40,1.87,99,30.6,VERY HIGH,SYNTHETIC_DEMO_DATA
2026-02-24 17:00:00,1,17,0,17.0,0,1,4,57,47,41,1.67,99,26.5,VERY HIGH,SYNTHETIC_DEMO_DATA
2026-02-24 17:30:00,1,17,30,17.5,0,1,4,57,49,39,1.63,94,27.4,HIGH,SYNTHETIC_DEMO_DATA
2026-02-24 18:00:00,1,18,0,18.0,0,1,2,21,20,26,1.4,45,16.9,MEDIUM,SYNTHETIC_DEMO_DATA
2026-02-24 18:30:00,1,18,30,18.5,0,1,2,22,19,25,1.53,40,20.1,MEDIUM,SYNTHETIC_DEMO_DATA
2026-02-24 19:00:00,1,19,0,19.0,0,1,1,6,6,14,1.57,15,10.4,LOW,SYNTHETIC_DEMO_DATA
2026-02-24 19:30:00,1,19,30,19.5,0,1,2,5,5,15,1.39,15,4.5,LOW,SYNTHETIC_DEMO_DATA
2026-02-25 08:00:00,2,8,0,8.0,0,1,1,24,23,15,1.41,34,39.7,LOW,SYNTHETIC_DEMO_DATA
2026-02-25 08:30:00,2,8,30,8.5,0,1,3,20,19,44,1.08,62,8.0,MEDIUM,SYNTHETIC_DEMO_DATA
2026-02-25 09:00:00,2,9,0,9.0,0,1,3,29,26,39,1.44,61,15.9,MEDIUM,SYNTHETIC_DEMO_DATA
2026-02-25 09:30:00,2,9,30,9.5,0,1,1,20,18,20,1.08,34,26.5,LOW,SYNTHETIC_DEMO_DATA
2026-02-25 10:00:00,2,10,0,10.0,0,1,2,20,17,28,1.31,38,17.2,MEDIUM,SYNTHETIC_DEMO_DATA
2026-02-25 10:30:00,2,10,30,10.5,0,1,4,62,51,34,2.03,96,34.7,HIGH,SYNTHETIC_DEMO_DATA
2026-02-25 11:00:00,2,11,0,11.0,0,1,4,59,51,40,1.85,95,31.3,HIGH,SYNTHETIC_DEMO_DATA
2026-02-25 11:30:00,2,11,30,11.5,0,1,4,17,14,53,1.28,58,6.3,MEDIUM,SYNTHETIC_DEMO_DATA
2026-02-25 12:00:00,2,12,0,12.0,0,1,4,53,43,39,1.62,89,25.1,HIGH,SYNTHETIC_DEMO_DATA
2026-02-25 12:30:00,2,12,30,12.5,0,1,5,47,40,53,1.57,96,17.9,HIGH,SYNTHETIC_DEMO_DATA
2026-02-25 13:00:00,2,13,0,13.0,0,1,4,66,55,36,1.92,101,33.8,VERY HIGH,SYNTHETIC_DEMO_DATA
2026-02-25 13:30:00,2,13,30,13.5,0,1,3,69,56,33,1.61,103,40.7,VERY HIGH,SYNTHETIC_DEMO_DATA
2026-02-25 14:00:00,2,14,0,14.0,0,1,3,13,14,51,0.97,57,5.0,MEDIUM,SYNTHETIC_DEMO_DATA
2026-02-25 14:30:00,2,14,30,14.5,0,1,3,31,28,37,1.33,59,17.5,MEDIUM,SYNTHETIC_DEMO_DATA
2026-02-25 15:00:00,2,15,0,15.0,0,1,3,7,6,29,1.24,29,2.5,LOW,SYNTHETIC_DEMO_DATA
2026-02-25 15:30:00,2,15,30,15.5,0,1,2,0,0,23,1.27,23,1.0,LOW,SYNTHETIC_DEMO_DATA
2026-02-25 16:00:00,2,16,0,16.0,0,1,1,10,8,16,1.14,28,14.0,LOW,SYNTHETIC_DEMO_DATA
2026-02-25 16:30:00,2,16,30,16.5,0,1,4,57,49,46,1.47,93,24.4,HIGH,SYNTHETIC_DEMO_DATA
2026-02-25 17:00:00,2,17,0,17.0,0,1,5,52,43,53,1.52,104,18.7,VERY HIGH,SYNTHETIC_DEMO_DATA
2026-02-25 17:30:00,2,17,30,17.5,0,1,4,63,54,39,1.71,101,30.1,VERY HIGH,SYNTHETIC_DEMO_DATA
2026-02-25 18:00:00,2,18,0,18.0,0,1,2,18,17,25,1.68,36,18.2,LOW,SYNTHETIC_DEMO_DATA
2026-02-25 18:30:00,2,18,30,18.5,0,1,2,8,10,29,1.34,31,5.6,LOW,SYNTHETIC_DEMO_DATA
2026-02-25 19:00:00,2,19,0,19.0,0,1,1,0,3,12,1.27,12,1.0,LOW,SYNTHETIC_DEMO_DATA
2026-02-25 19:30:00,2,19,30,19.5,0,1,3,1,1,9,1.19,9,1.0,LOW,SYNTHETIC_DEMO_DATA
2026-02-26 08:00:00,3,8,0,8.0,0,1,1,14,13,12,1.68,24,26.2,LOW,SYNTHETIC_DEMO_DATA
2026-02-26 08:30:00,3,8,30,8.5,0,1,2,37,33,32,1.2,66,25.9,MEDIUM,SYNTHETIC_DEMO_DATA
2026-02-26 09:00:00,3,9,0,9.0,0,1,2,34,30,31,1.15,62,23.3,MEDIUM,SYNTHETIC_DEMO_DATA
2026-02-26 09:30:00,3,9,30,9.5,0,1,1,22,19,14,1.46,37,36.6,MEDIUM,SYNTHETIC_DEMO_DATA
2026-02-26 10:00:00,3,10,0,10.0,0,1,3,2,3,26,1.59,26,1.0,LOW,SYNTHETIC_DEMO_DATA
2026-02-26 10:30:00,3,10,30,10.5,0,1,4,59,49,39,1.85,98,32.4,VERY HIGH,SYNTHETIC_DEMO_DATA
2026-02-26 11:00:00,3,11,0,11.0,0,1,5,51,42,50,1.59,101,19.7,VERY HIGH,SYNTHETIC_DEMO_DATA
2026-02-26 11:30:00,3,11,30,11.5,0,1,3,20,18,41,1.35,54,11.2,MEDIUM,SYNTHETIC_DEMO_DATA
2026-02-26 12:00:00,3,12,0,12.0,0,1,4,53,44,41,1.79,90,26.2,HIGH,SYNTHETIC_DEMO_DATA
2026-02-26 12:30:00,3,12,30,12.5,0,1,4,59,50,45,1.47,107,25.7,VERY HIGH,SYNTHETIC_DEMO_DATA
2026-02-26 13:00:00,3,13,0,13.0,0,1,4,62,51,37,1.83,101,30.3,VERY HIGH,SYNTHETIC_DEMO_DATA
2026-02-26 13:30:00,3,13,30,13.5,0,1,4,73,62,40,1.58,108,32.8,VERY HIGH,SYNTHETIC_DEMO_DATA
2026-02-26 14:00:00,3,14,0,14.0,0,1,2,42,36,26,1.39,65,33.8,MEDIUM,SYNTHETIC_DEMO_DATA
2026-02-26 14:30:00,3,14,30,14.5,0,1,3,23,19,36,1.34,59,11.8,MEDIUM,SYNTHETIC_DEMO_DATA
2026-02-26 15:00:00,3,15,0,15.0,0,1,2,16,15,21,1.56,34,14.6,LOW,SYNTHETIC_DEMO_DATA
2026-02-26 15:30:00,3,15,30,15.5,0,1,2,3,6,21,1.66,23,4.3,LOW,SYNTHETIC_DEMO_DATA
2026-02-26 16:00:00,3,16,0,16.0,0,1,1,14,13,14,1.23,25,19.4,LOW,SYNTHETIC_DEMO_DATA
2026-02-26 16:30:00,3,16,30,16.5,0,1,4,60,49,40,1.6,98,27.9,VERY HIGH,SYNTHETIC_DEMO_DATA
2026-02-26 17:00:00,3,17,0,17.0,0,1,5,49,40,51,1.61,97,17.8,VERY HIGH,SYNTHETIC_DEMO_DATA
2026-02-26 17:30:00,3,17,30,17.5,0,1,5,49,42,50,1.73,91,18.9,HIGH,SYNTHETIC_DEMO_DATA
2026-02-26 18:00:00,3,18,0,18.0,0,1,2,27,26,25,1.59,45,26.4,MEDIUM,SYNTHETIC_DEMO_DATA
2026-02-26 18:30:00,3,18,30,18.5,0,1,1,28,24,18,1.41,41,44.8,MEDIUM,SYNTHETIC_DEMO_DATA
2026-02-26 19:00:00,3,19,0,19.0,0,1,2,1,4,26,1.06,26,1.0,LOW,SYNTHETIC_DEMO_DATA
2026-02-26 19:30:00,3,19,30,19.5,0,1,1,11,9,15,1.64,24,19.9,LOW,SYNTHETIC_DEMO_DATA
2026-02-27 08:00:00,4,8,0,8.0,0,1,1,25,21,14,1.57,37,45.2,MEDIUM,SYNTHETIC_DEMO_DATA
2026-02-27 08:30:00,4,8,30,8.5,0,1,4,27,25,54,1.3,69,10.0,MEDIUM,SYNTHETIC_DEMO_DATA
2026-02-27 09:00:00,4,9,0,9.0,0,1,2,33,28,34,1.08,67,21.9,MEDIUM,SYNTHETIC_DEMO_DATA
2026-02-27 09:30:00,4,9,30,9.5,0,1,2,17,15,22,1.54,36,13.6,LOW,SYNTHETIC_DEMO_DATA
2026-02-27 10:00:00,4,10,0,10.0,0,1,2,22,18,23,1.47,42,19.7,MEDIUM,SYNTHETIC_DEMO_DATA
2026-02-27 10:30:00,4,10,30,10.5,0,1,3,68,56,31,1.82,93,44.3,HIGH,SYNTHETIC_DEMO_DATA
2026-02-27 11:00:00,4,11,0,11.0,0,1,4,62,52,33,1.91,94,34.0,HIGH,SYNTHETIC_DEMO_DATA
2026-02-27 11:30:00,4,11,30,11.5,0,1,4,20,17,40,1.62,55,10.2,MEDIUM,SYNTHETIC_DEMO_DATA
2026-02-27 12:00:00,4,12,0,12.0,0,1,4,37,34,48,1.32,85,14.4,HIGH,SYNTHETIC_DEMO_DATA
2026-02-27 12:30:00,4,12,30,12.5,0,1,4,67,55,40,1.74,109,33.5,VERY HIGH,SYNTHETIC_DEMO_DATA
2026-02-27 13:00:00,4,13,0,13.0,0,1,4,71,57,39,1.69,113,33.4,VERY HIGH,SYNTHETIC_DEMO_DATA
2026-02-27 13:30:00,4,13,30,13.5,0,1,5,50,42,45,1.86,97,20.6,VERY HIGH,SYNTHETIC_DEMO_DATA
2026-02-27 14:00:00,4,14,0,14.0,0,1,4,11,12,48,1.38,57,3.8,MEDIUM,SYNTHETIC_DEMO_DATA
2026-02-27 14:30:00,4,14,30,14.5,0,1,3,29,24,33,1.57,60,17.7,MEDIUM,SYNTHETIC_DEMO_DATA
2026-02-27 15:00:00,4,15,0,15.0,0,1,1,14,13,18,1.34,24,22.1,LOW,SYNTHETIC_DEMO_DATA
2026-02-27 15:30:00,4,15,30,15.5,0,1,1,14,15,14,1.36,24,22.9,LOW,SYNTHETIC_DEMO_DATA
2026-02-27 16:00:00,4,16,0,16.0,0,1,3,6,6,23,1.24,23,3.4,LOW,SYNTHETIC_DEMO_DATA
2026-02-27 16:30:00,4,16,30,16.5,0,1,4,50,42,41,1.66,87,23.8,HIGH,SYNTHETIC_DEMO_DATA
2026-02-27 17:00:00,4,17,0,17.0,0,1,4,60,49,42,1.57,99,27.4,VERY HIGH,SYNTHETIC_DEMO_DATA
2026-02-27 17:30:00,4,17,30,17.5,0,1,4,45,38,45,1.63,86,20.4,HIGH,SYNTHETIC_DEMO_DATA
2026-02-27 18:00:00,4,18,0,18.0,0,1,1,26,24,19,1.11,41,34.2,MEDIUM,SYNTHETIC_DEMO_DATA
2026-02-27 18:30:00,4,18,30,18.5,0,1,1,25,22,17,1.47,37,42.7,MEDIUM,SYNTHETIC_DEMO_DATA
2026-02-27 19:00:00,4,19,0,19.0,0,1,1,8,10,16,1.18,22,11.6,LOW,SYNTHETIC_DEMO_DATA
2026-02-27 19:30:00,4,19,30,19.5,0,1,2,1,2,18,1.37,18,2.6,LOW,SYNTHETIC_DEMO_DATA
2026-02-28 08:00:00,5,8,0,8.0,0,0,3,10,12,26,1.36,26,5.2,LOW,SYNTHETIC_DEMO_DATA
2026-02-28 08:30:00,5,8,30,8.5,0,0,2,6,6,25,1.44,25,5.1,LOW,SYNTHETIC_DEMO_DATA
2026-02-28 09:00:00,5,9,0,9.0,0,0,2,8,8,19,1.38,19,7.0,LOW,SYNTHETIC_DEMO_DATA
2026-02-28 09:30:00,5,9,30,9.5,0,0,1,11,12,14,1.66,20,21.7,LOW,SYNTHETIC_DEMO_DATA
2026-02-28 10:00:00,5,10,0,10.0,0,0,1,12,12,17,1.04,21,17.1,LOW,SYNTHETIC_DEMO_DATA
2026-02-28 10:30:00,5,10,30,10.5,0,0,1,9,10,16,1.35,20,15.2,LOW,SYNTHETIC_DEMO_DATA
2026-02-28 11:00:00,5,11,0,11.0,0,0,2,8,10,26,1.48,26,7.1,LOW,SYNTHETIC_DEMO_DATA
2026-02-28 11:30:00,5,11,30,11.5,0,0,1,12,10,15,1.21,23,16.7,LOW,SYNTHETIC_DEMO_DATA
2026-02-28 12:00:00,5,12,0,12.0,0,0,1,29,23,17,1.23,42,42.5,MEDIUM,SYNTHETIC_DEMO_DATA
2026-02-28 12:30:00,5,12,30,12.5,0,0,2,22,21,25,1.31,42,17.8,MEDIUM,SYNTHETIC_DEMO_DATA
2026-02-28 13:00:00,5,13,0,13.0,0,0,3,28,24,34,1.68,49,16.7,MEDIUM,SYNTHETIC_DEMO_DATA
2026-02-28 13:30:00,5,13,30,13.5,0,0,2,22,21,33,1.2,46,16.9,MEDIUM,SYNTHETIC_DEMO_DATA
2026-02-28 14:00:00,5,14,0,14.0,0,0,1,32,29,19,1.23,45,45.0,MEDIUM,SYNTHETIC_DEMO_DATA
2026-02-28 14:30:00,5,14,30,14.5,0,0,1,22,19,15,1.79,29,43.9,LOW,SYNTHETIC_DEMO_DATA
2026-02-28 15:00:00,5,15,0,15.0,0,0,3,8,8,21,1.34,21,4.0,LOW,SYNTHETIC_DEMO_DATA
2026-02-28 15:30:00,5,15,30,15.5,0,0,2,5,7,25,1.18,25,3.0,LOW,SYNTHETIC_DEMO_DATA
2026-02-28 16:00:00,5,16,0,16.0,0,0,1,14,12,13,1.35,29,21.7,LOW,SYNTHETIC_DEMO_DATA
2026-02-28 16:30:00,5,16,30,16.5,0,0,1,8,7,13,1.48,20,14.5,LOW,SYNTHETIC_DEMO_DATA
2026-02-28 17:00:00,5,17,0,17.0,0,0,1,18,17,18,1.41,24,29.7,LOW,SYNTHETIC_DEMO_DATA
2026-02-28 17:30:00,5,17,30,17.5,0,0,1,12,11,16,1.33,25,18.1,LOW,SYNTHETIC_DEMO_DATA
2026-02-28 18:00:00,5,18,0,18.0,0,0,2,1,3,21,1.63,21,1.0,LOW,SYNTHETIC_DEMO_DATA
2026-02-28 18:30:00,5,18,30,18.5,0,0,3,6,8,25,1.21,25,3.3,LOW,SYNTHETIC_DEMO_DATA
2026-02-28 19:00:00,5,19,0,19.0,0,0,1,19,17,16,1.42,30,30.0,LOW,SYNTHETIC_DEMO_DATA
2026-02-28 19:30:00,5,19,30,19.5,0,0,3,7,9,28,1.37,28,4.2,LOW,SYNTHETIC_DEMO_DATA
2026-03-01 08:00:00,6,8,0,8.0,1,0,2,9,8,25,1.04,25,5.7,LOW,SYNTHETIC_DEMO_DATA
2026-03-01 08:30:00,6,8,30,8.5,1,0,1,10,11,15,1.44,23,16.1,LOW,SYNTHETIC_DEMO_DATA
2026-03-01 09:00:00,6,9,0,9.0,1,0,2,6,8,22,1.37,22,4.1,LOW,SYNTHETIC_DEMO_DATA
2026-03-01 09:30:00,6,9,30,9.5,1,0,1,14,13,17,1.51,27,24.9,LOW,SYNTHETIC_DEMO_DATA
2026-03-01 10:00:00,6,10,0,10.0,1,0,1,17,14,16,1.49,30,30.0,LOW,SYNTHETIC_DEMO_DATA
2026-03-01 10:30:00,6,10,30,10.5,1,0,2,12,10,32,1.27,33,9.4,LOW,SYNTHETIC_DEMO_DATA
2026-03-01 11:00:00,6,11,0,11.0,1,0,2,10,9,24,1.42,28,8.0,LOW,SYNTHETIC_DEMO_DATA
2026-03-01 11:30:00,6,11,30,11.5,1,0,1,18,16,17,1.43,28,30.4,LOW,SYNTHETIC_DEMO_DATA
2026-03-01 12:00:00,6,12,0,12.0,1,0,1,36,32,18,1.29,41,54.9,MEDIUM,SYNTHETIC_DEMO_DATA
2026-03-01 12:30:00,6,12,30,12.5,1,0,1,38,33,15,1.42,52,62.1,MEDIUM,SYNTHETIC_DEMO_DATA
2026-03-01 13:00:00,6,13,0,13.0,1,0,1,33,28,15,1.48,44,54.5,MEDIUM,SYNTHETIC_DEMO_DATA
2026-03-01 13:30:00,6,13,30,13.5,1,0,2,19,17,31,1.04,45,11.3,MEDIUM,SYNTHETIC_DEMO_DATA
2026-03-01 14:00:00,6,14,0,14.0,1,0,1,33,28,14,1.31,46,48.8,MEDIUM,SYNTHETIC_DEMO_DATA
2026-03-01 14:30:00,6,14,30,14.5,1,0,2,5,5,20,1.26,20,2.6,LOW,SYNTHETIC_DEMO_DATA
2026-03-01 15:00:00,6,15,0,15.0,1,0,1,13,11,16,1.4,24,20.4,LOW,SYNTHETIC_DEMO_DATA
2026-03-01 15:30:00,6,15,30,15.5,1,0,2,4,7,29,1.36,29,4.8,LOW,SYNTHETIC_DEMO_DATA
2026-03-01 16:00:00,6,16,0,16.0,1,0,1,17,14,18,1.26,29,25.2,LOW,SYNTHETIC_DEMO_DATA
2026-03-01 16:30:00,6,16,30,16.5,1,0,1,6,5,19,1.16,21,8.8,LOW,SYNTHETIC_DEMO_DATA
2026-03-01 17:00:00,6,17,0,17.0,1,0,1,7,7,18,1.11,23,10.5,LOW,SYNTHETIC_DEMO_DATA
2026-03-01 17:30:00,6,17,30,17.5,1,0,1,9,9,18,1.41,21,15.4,LOW,SYNTHETIC_DEMO_DATA
2026-03-01 18:00:00,6,18,0,18.0,1,0,2,7,9,21,1.58,21,6.6,LOW,SYNTHETIC_DEMO_DATA
2026-03-01 18:30:00,6,18,30,18.5,1,0,1,20,20,13,1.51,26,34.9,LOW,SYNTHETIC_DEMO_DATA
2026-03-01 19:00:00,6,19,0,19.0,1,0,1,13,14,19,1.29,23,19.1,LOW,SYNTHETIC_DEMO_DATA
2026-03-01 19:30:00,6,19,30,19.5,1,0,1,8,9,21,0.94,26,9.4,LOW,SYNTHETIC_DEMO_DATA
2026-03-02 08:00:00,0,8,0,8.0,0,1,3,5,7,19,1.32,19,1.6,LOW,SYNTHETIC_DEMO_DATA
2026-03-02 08:30:00,0,8,30,8.5,0,1,3,33,28,34,1.47,64,17.9,MEDIUM,SYNTHETIC_DEMO_DATA
2026-03-02 09:00:00,0,9,0,9.0,0,1,2,53,43,22,1.78,72,53.7,MEDIUM,SYNTHETIC_DEMO_DATA
2026-03-02 09:30:00,0,9,30,9.5,0,1,1,28,26,15,1.67,36,52.0,LOW,SYNTHETIC_DEMO_DATA
2026-03-02 10:00:00,0,10,0,10.0,0,1,2,10,11,29,1.21,34,7.9,LOW,SYNTHETIC_DEMO_DATA
2026-03-02 10:30:00,0,10,30,10.5,0,1,4,66,54,43,1.54,108,28.4,VERY HIGH,SYNTHETIC_DEMO_DATA
2026-03-02 11:00:00,0,11,0,11.0,0,1,4,51,45,48,1.32,98,19.2,VERY HIGH,SYNTHETIC_DEMO_DATA
2026-03-02 11:30:00,0,11,30,11.5,0,1,4,27,24,43,1.59,64,11.4,MEDIUM,SYNTHETIC_DEMO_DATA
2026-03-02 12:00:00,0,12,0,12.0,0,1,4,58,50,34,2.05,88,31.6,HIGH,SYNTHETIC_DEMO_DATA
2026-03-02 12:30:00,0,12,30,12.5,0,1,3,68,57,30,1.91,101,47.1,VERY HIGH,SYNTHETIC_DEMO_DATA
2026-03-02 13:00:00,0,13,0,13.0,0,1,3,65,54,37,1.39,103,35.0,VERY HIGH,SYNTHETIC_DEMO_DATA
2026-03-02 13:30:00,0,13,30,13.5,0,1,3,72,59,27,1.96,102,53.1,VERY HIGH,SYNTHETIC_DEMO_DATA
2026-03-02 14:00:00,0,14,0,14.0,0,1,2,28,25,25,1.34,52,21.8,MEDIUM,SYNTHETIC_DEMO_DATA
2026-03-02 14:30:00,0,14,30,14.5,0,1,3,26,22,42,1.28,61,14.0,MEDIUM,SYNTHETIC_DEMO_DATA
2026-03-02 15:00:00,0,15,0,15.0,0,1,3,6,9,22,1.5,22,4.4,LOW,SYNTHETIC_DEMO_DATA
2026-03-02 15:30:00,0,15,30,15.5,0,1,1,15,14,17,1.11,25,19.6,LOW,SYNTHETIC_DEMO_DATA
2026-03-02 16:00:00,0,16,0,16.0,0,1,1,16,16,13,1.4,30,26.1,LOW,SYNTHETIC_DEMO_DATA
2026-03-02 16:30:00,0,16,30,16.5,0,1,3,60,50,29,1.87,89,41.5,HIGH,SYNTHETIC_DEMO_DATA
2026-03-02 17:00:00,0,17,0,17.0,0,1,4,55,46,42,1.63,91,25.8,HIGH,SYNTHETIC_DEMO_DATA
2026-03-02 17:30:00,0,17,30,17.5,0,1,3,56,47,35,1.54,91,32.1,HIGH,SYNTHETIC_DEMO_DATA
2026-03-02 18:00:00,0,18,0,18.0,0,1,2,20,16,25,1.44,43,15.7,MEDIUM,SYNTHETIC_DEMO_DATA
2026-03-02 18:30:00,0,18,30,18.5,0,1,2,22,19,28,1.18,42,15.0,MEDIUM,SYNTHETIC_DEMO_DATA
2026-03-02 19:00:00,0,19,0,19.0,0,1,3,6,6,23,1.02,23,1.9,LOW,SYNTHETIC_DEMO_DATA
2026-03-02 19:30:00,0,19,30,19.5,0,1,1,6,6,17,1.58,18,10.1,LOW,SYNTHETIC_DEMO_DATA
2026-03-03 08:00:00,1,8,0,8.0,0,1,1,18,17,14,1.44,30,31.1,LOW,SYNTHETIC_DEMO_DATA
2026-03-03 08:30:00,1,8,30,8.5,0,1,4,28,25,43,1.65,66,13.6,MEDIUM,SYNTHETIC_DEMO_DATA
2026-03-03 09:00:00,1,9,0,9.0,0,1,2,30,26,27,1.26,61,21.6,MEDIUM,SYNTHETIC_DEMO_DATA
2026-03-03 09:30:00,1,9,30,9.5,0,1,1,21,18,14,1.46,33,32.3,LOW,SYNTHETIC_DEMO_DATA
2026-03-03 10:00:00,1,10,0,10.0,0,1,2,18,17,28,1.21,37,12.8,MEDIUM,SYNTHETIC_DEMO_DATA
2026-03-03 10:30:00,1,10,30,10.5,0,1,3,66,55,35,1.6,97,39.3,VERY HIGH,SYNTHETIC_DEMO_DATA
2026-03-03 11:00:00,1,11,0,11.0,0,1,4,64,54,37,1.96,102,35.4,VERY HIGH,SYNTHETIC_DEMO_DATA
2026-03-03 11:30:00,1,11,30,11.5,0,1,2,39,32,24,1.45,58,32.2,MEDIUM,SYNTHETIC_DEMO_DATA
2026-03-03 12:00:00,1,12,0,12.0,0,1,5,39,34,59,1.46,88,12.1,HIGH,SYNTHETIC_DEMO_DATA
2026-03-03 12:30:00,1,12,30,12.5,0,1,4,62,53,43,1.58,104,26.8,VERY HIGH,SYNTHETIC_DEMO_DATA
2026-03-03 13:00:00,1,13,0,13.0,0,1,4,60,50,41,1.7,103,29.7,VERY HIGH,SYNTHETIC_DEMO_DATA
2026-03-03 13:30:00,1,13,30,13.5,0,1,4,64,52,38,1.83,102,32.5,VERY HIGH,SYNTHETIC_DEMO_DATA
2026-03-03 14:00:00,1,14,0,14.0,0,1,4,28,26,48,1.44,72,13.1,MEDIUM,SYNTHETIC_DEMO_DATA
2026-03-03 14:30:00,1,14,30,14.5,0,1,3,29,26,40,1.3,59,15.0,MEDIUM,SYNTHETIC_DEMO_DATA
2026-03-03 15:00:00,1,15,0,15.0,0,1,1,13,14,18,1.41,26,22.4,LOW,SYNTHETIC_DEMO_DATA
2026-03-03 15:30:00,1,15,30,15.5,0,1,1,15,15,16,1.64,29,27.3,LOW,SYNTHETIC_DEMO_DATA
2026-03-03 16:00:00,1,16,0,16.0,0,1,1,11,11,17,1.46,22,20.0,LOW,SYNTHETIC_DEMO_DATA
2026-03-03 16:30:00,1,16,30,16.5,0,1,5,50,43,44,2.01,90,22.6,HIGH,SYNTHETIC_DEMO_DATA
2026-03-03 17:00:00,1,17,0,17.0,0,1,3,67,55,35,1.52,98,38.3,VERY HIGH,SYNTHETIC_DEMO_DATA
2026-03-03 17:30:00,1,17,30,17.5,0,1,5,57,49,49,1.71,103,21.4,VERY HIGH,SYNTHETIC_DEMO_DATA
2026-03-03 18:00:00,1,18,0,18.0,0,1,1,26,23,20,1.21,39,37.1,MEDIUM,SYNTHETIC_DEMO_DATA
2026-03-03 18:30:00,1,18,30,18.5,0,1,1,26,24,13,1.52,41,45.3,MEDIUM,SYNTHETIC_DEMO_DATA
2026-03-03 19:00:00,1,19,0,19.0,0,1,1,5,4,17,1.02,18,5.0,LOW,SYNTHETIC_DEMO_DATA
2026-03-03 19:30:00,1,19,30,19.5,0,1,2,5,5,23,1.2,23,2.1,LOW,SYNTHETIC_DEMO_DATA
2026-03-04 08:00:00,2,8,0,8.0,0,1,2,8,8,30,1.28,31,6.5,LOW,SYNTHETIC_DEMO_DATA
2026-03-04 08:30:00,2,8,30,8.5,0,1,2,49,43,22,1.52,69,43.5,MEDIUM,SYNTHETIC_DEMO_DATA
2026-03-04 09:00:00,2,9,0,9.0,0,1,2,42,35,30,1.31,65,32.0,MEDIUM,SYNTHETIC_DEMO_DATA
2026-03-04 09:30:00,2,9,30,9.5,0,1,3,6,5,30,1.74,31,3.6,LOW,SYNTHETIC_DEMO_DATA
2026-03-04 10:00:00,2,10,0,10.0,0,1,2,16,13,28,1.28,37,13.7,MEDIUM,SYNTHETIC_DEMO_DATA
2026-03-04 10:30:00,2,10,30,10.5,0,1,3,65,54,34,1.64,99,39.8,VERY HIGH,SYNTHETIC_DEMO_DATA
2026-03-04 11:00:00,2,11,0,11.0,0,1,5,54,44,46,1.8,101,22.4,VERY HIGH,SYNTHETIC_DEMO_DATA
2026-03-04 11:30:00,2,11,30,11.5,0,1,3,23,20,47,1.03,59,9.7,MEDIUM,SYNTHETIC_DEMO_DATA
2026-03-04 12:00:00,2,12,0,12.0,0,1,4,46,38,45,1.52,85,20.8,HIGH,SYNTHETIC_DEMO_DATA
2026-03-04 12:30:00,2,12,30,12.5,0,1,4,75,63,30,2.19,100,44.7,VERY HIGH,SYNTHETIC_DEMO_DATA
2026-03-04 13:00:00,2,13,0,13.0,0,1,3,69,56,30,1.77,100,44.8,VERY HIGH,SYNTHETIC_DEMO_DATA
2026-03-04 13:30:00,2,13,30,13.5,0,1,4,63,54,36,1.93,96,33.6,HIGH,SYNTHETIC_DEMO_DATA
2026-03-04 14:00:00,2,14,0,14.0,0,1,2,29,25,30,1.17,56,21.1,MEDIUM,SYNTHETIC_DEMO_DATA
2026-03-04 14:30:00,2,14,30,14.5,0,1,4,15,13,47,1.38,60,5.6,MEDIUM,SYNTHETIC_DEMO_DATA
2026-03-04 15:00:00,2,15,0,15.0,0,1,1,18,17,20,1.14,28,25.3,LOW,SYNTHETIC_DEMO_DATA
2026-03-04 15:30:00,2,15,30,15.5,0,1,1,15,12,14,1.38,27,23.7,LOW,SYNTHETIC_DEMO_DATA
2026-03-04 16:00:00,2,16,0,16.0,0,1,1,14,14,14,1.27,25,21.9,LOW,SYNTHETIC_DEMO_DATA
2026-03-04 16:30:00,2,16,30,16.5,0,1,4,58,49,35,1.83,95,30.1,HIGH,SYNTHETIC_DEMO_DATA
2026-03-04 17:00:00,2,17,0,17.0,0,1,4,48,38,49,1.43,95,20.0,HIGH,SYNTHETIC_DEMO_DATA
2026-03-04 17:30:00,2,17,30,17.5,0,1,4,53,44,42,1.68,97,26.9,VERY HIGH,SYNTHETIC_DEMO_DATA
2026-03-04 18:00:00,2,18,0,18.0,0,1,1,19,16,14,1.4,31,30.2,LOW,SYNTHETIC_DEMO_DATA
2026-03-04 18:30:00,2,18,30,18.5,0,1,2,26,25,26,1.55,44,23.3,MEDIUM,SYNTHETIC_DEMO_DATA
2026-03-04 19:00:00,2,19,0,19.0,0,1,3,2,3,12,1.53,12,1.0,LOW,SYNTHETIC_DEMO_DATA
2026-03-04 19:30:00,2,19,30,19.5,0,1,2,4,3,18,1.41,18,4.9,LOW,SYNTHETIC_DEMO_DATA
2026-03-05 08:00:00,3,8,0,8.0,0,1,2,9,8,23,1.64,28,7.8,LOW,SYNTHETIC_DEMO_DATA
2026-03-05 08:30:00,3,8,30,8.5,0,1,3,38,31,35,1.41,66,21.0,MEDIUM,SYNTHETIC_DEMO_DATA
2026-03-05 09:00:00,3,9,0,9.0,0,1,4,27,22,46,1.41,65,10.1,MEDIUM,SYNTHETIC_DEMO_DATA
2026-03-05 09:30:00,3,9,30,9.5,0,1,1,15,12,14,1.37,27,25.1,LOW,SYNTHETIC_DEMO_DATA
2026-03-05 10:00:00,3,10,0,10.0,0,1,1,23,21,15,1.2,36,32.6,LOW,SYNTHETIC_DEMO_DATA
2026-03-05 10:30:00,3,10,30,10.5,0,1,5,63,54,42,1.94,100,27.9,VERY HIGH,SYNTHETIC_DEMO_DATA
2026-03-05 11:00:00,3,11,0,11.0,0,1,3,72,60,24,2.1,97,56.9,VERY HIGH,SYNTHETIC_DEMO_DATA
2026-03-05 11:30:00,3,11,30,11.5,0,1,3,32,29,39,1.34,62,17.2,MEDIUM,SYNTHETIC_DEMO_DATA
2026-03-05 12:00:00,3,12,0,12.0,0,1,5,42,34,46,1.89,85,16.8,HIGH,SYNTHETIC_DEMO_DATA
2026-03-05 12:30:00,3,12,30,12.5,0,1,3,69,57,32,1.62,96,42.8,HIGH,SYNTHETIC_DEMO_DATA
2026-03-05 13:00:00,3,13,0,13.0,0,1,4,57,46,44,1.53,95,22.4,HIGH,SYNTHETIC_DEMO_DATA
2026-03-05 13:30:00,3,13,30,13.5,0,1,3,65,55,34,1.6,99,40.5,VERY HIGH,SYNTHETIC_DEMO_DATA
2026-03-05 14:00:00,3,14,0,14.0,0,1,3,35,30,33,1.71,59,21.4,MEDIUM,SYNTHETIC_DEMO_DATA
2026-03-05 14:30:00,3,14,30,14.5,0,1,2,33,26,29,1.36,60,26.4,MEDIUM,SYNTHETIC_DEMO_DATA
2026-03-05 15:00:00,3,15,0,15.0,0,1,1,19,16,14,1.49,30,31.0,LOW,SYNTHETIC_DEMO_DATA
2026-03-05 15:30:00,3,15,30,15.5,0,1,1,9,7,18,1.26,22,13.5,LOW,SYNTHETIC_DEMO_DATA
2026-03-05 16:00:00,3,16,0,16.0,0,1,3,8,8,27,1.17,27,4.8,LOW,SYNTHETIC_DEMO_DATA
2026-03-05 16:30:00,3,16,30,16.5,0,1,4,55,47,44,1.59,95,24.5,HIGH,SYNTHETIC_DEMO_DATA
2026-03-05 17:00:00,3,17,0,17.0,0,1,4,53,44,45,1.56,91,23.1,HIGH,SYNTHETIC_DEMO_DATA
2026-03-05 17:30:00,3,17,30,17.5,0,1,4,61,51,37,1.78,100,31.0,VERY HIGH,SYNTHETIC_DEMO_DATA
2026-03-05 18:00:00,3,18,0,18.0,0,1,1,20,16,17,1.3,31,29.9,LOW,SYNTHETIC_DEMO_DATA
2026-03-05 18:30:00,3,18,30,18.5,0,1,1,33,29,19,1.35,43,52.7,MEDIUM,SYNTHETIC_DEMO_DATA
2026-03-05 19:00:00,3,19,0,19.0,0,1,1,0,2,8,1.23,8,1.0,LOW,SYNTHETIC_DEMO_DATA
2026-03-05 19:30:00,3,19,30,19.5,0,1,2,3,4,27,1.28,27,1.0,LOW,SYNTHETIC_DEMO_DATA
2026-03-06 08:00:00,4,8,0,8.0,0,1,2,6,5,27,1.32,27,3.7,LOW,SYNTHETIC_DEMO_DATA
2026-03-06 08:30:00,4,8,30,8.5,0,1,4,28,23,42,1.71,64,14.1,MEDIUM,SYNTHETIC_DEMO_DATA
2026-03-06 09:00:00,4,9,0,9.0,0,1,4,22,19,59,1.18,69,7.5,MEDIUM,SYNTHETIC_DEMO_DATA
2026-03-06 09:30:00,4,9,30,9.5,0,1,2,9,10,26,1.31,35,7.0,LOW,SYNTHETIC_DEMO_DATA
2026-03-06 10:00:00,4,10,0,10.0,0,1,3,6,6,28,1.41,28,2.1,LOW,SYNTHETIC_DEMO_DATA
2026-03-06 10:30:00,4,10,30,10.5,0,1,4,65,53,40,1.82,101,32.4,VERY HIGH,SYNTHETIC_DEMO_DATA
2026-03-06 11:00:00,4,11,0,11.0,0,1,4,51,44,49,1.43,98,21.1,VERY HIGH,SYNTHETIC_DEMO_DATA
2026-03-06 11:30:00,4,11,30,11.5,0,1,4,12,12,57,0.85,57,5.7,MEDIUM,SYNTHETIC_DEMO_DATA
2026-03-06 12:00:00,4,12,0,12.0,0,1,4,45,39,43,1.68,84,21.1,HIGH,SYNTHETIC_DEMO_DATA
2026-03-06 12:30:00,4,12,30,12.5,0,1,4,70,57,44,1.62,107,33.1,VERY HIGH,SYNTHETIC_DEMO_DATA
2026-03-06 13:00:00,4,13,0,13.0,0,1,5,42,36,50,1.75,89,16.5,HIGH,SYNTHETIC_DEMO_DATA
2026-03-06 13:30:00,4,13,30,13.5,0,1,4,69,59,36,1.82,105,34.8,VERY HIGH,SYNTHETIC_DEMO_DATA
2026-03-06 14:00:00,4,14,0,14.0,0,1,3,29,26,34,1.53,61,17.0,MEDIUM,SYNTHETIC_DEMO_DATA
2026-03-06 14:30:00,4,14,30,14.5,0,1,3,33,27,29,1.75,61,20.9,MEDIUM,SYNTHETIC_DEMO_DATA
2026-03-06 15:00:00,4,15,0,15.0,0,1,2,3,6,28,1.07,28,2.0,LOW,SYNTHETIC_DEMO_DATA
2026-03-06 15:30:00,4,15,30,15.5,0,1,2,5,6,27,1.32,27,4.2,LOW,SYNTHETIC_DEMO_DATA
2026-03-06 16:00:00,4,16,0,16.0,0,1,2,3,6,25,1.11,25,1.9,LOW,SYNTHETIC_DEMO_DATA
2026-03-06 16:30:00,4,16,30,16.5,0,1,3,62,53,30,1.74,93,42.1,HIGH,SYNTHETIC_DEMO_DATA
2026-03-06 17:00:00,4,17,0,17.0,0,1,4,52,45,51,1.37,94,19.8,HIGH,SYNTHETIC_DEMO_DATA
2026-03-06 17:30:00,4,17,30,17.5,0,1,4,58,49,38,1.98,91,31.8,HIGH,SYNTHETIC_DEMO_DATA
2026-03-06 18:00:00,4,18,0,18.0,0,1,1,26,23,14,1.59,38,47.1,MEDIUM,SYNTHETIC_DEMO_DATA
2026-03-06 18:30:00,4,18,30,18.5,0,1,3,9,9,37,1.35,41,4.0,MEDIUM,SYNTHETIC_DEMO_DATA
2026-03-06 19:00:00,4,19,0,19.0,0,1,2,2,2,18,1.61,18,2.2,LOW,SYNTHETIC_DEMO_DATA
2026-03-06 19:30:00,4,19,30,19.5,0,1,1,0,1,10,1.25,10,1.0,LOW,SYNTHETIC_DEMO_DATA
2026-03-07 08:00:00,5,8,0,8.0,0,0,1,12,11,14,1.49,22,21.1,LOW,SYNTHETIC_DEMO_DATA
2026-03-07 08:30:00,5,8,30,8.5,0,0,1,20,17,15,1.17,27,28.3,LOW,SYNTHETIC_DEMO_DATA
2026-03-07 09:00:00,5,9,0,9.0,0,0,2,0,2,22,1.55,22,1.0,LOW,SYNTHETIC_DEMO_DATA
2026-03-07 09:30:00,5,9,30,9.5,0,0,2,0,3,23,1.28,23,1.0,LOW,SYNTHETIC_DEMO_DATA
2026-03-07 10:00:00,5,10,0,10.0,0,0,2,13,13,24,1.74,29,14.4,LOW,SYNTHETIC_DEMO_DATA
2026-03-07 10:30:00,5,10,30,10.5,0,0,2,3,6,18,1.08,18,2.5,LOW,SYNTHETIC_DEMO_DATA
2026-03-07 11:00:00,5,11,0,11.0,0,0,3,2,3,29,1.49,29,1.0,LOW,SYNTHETIC_DEMO_DATA
2026-03-07 11:30:00,5,11,30,11.5,0,0,1,14,14,19,1.2,26,19.6,LOW,SYNTHETIC_DEMO_DATA
2026-03-07 12:00:00,5,12,0,12.0,0,0,3,15,13,35,1.5,45,9.2,MEDIUM,SYNTHETIC_DEMO_DATA
2026-03-07 12:30:00,5,12,30,12.5,0,0,2,23,19,37,1.01,52,15.3,MEDIUM,SYNTHETIC_DEMO_DATA
2026-03-07 13:00:00,5,13,0,13.0,0,0,1,33,28,19,1.31,45,50.6,MEDIUM,SYNTHETIC_DEMO_DATA
2026-03-07 13:30:00,5,13,30,13.5,0,0,2,30,28,27,1.57,53,26.0,MEDIUM,SYNTHETIC_DEMO_DATA
2026-03-07 14:00:00,5,14,0,14.0,0,0,1,32,28,17,1.32,46,49.4,MEDIUM,SYNTHETIC_DEMO_DATA
2026-03-07 14:30:00,5,14,30,14.5,0,0,2,1,4,23,1.31,23,1.4,LOW,SYNTHETIC_DEMO_DATA
2026-03-07 15:00:00,5,15,0,15.0,0,0,2,5,6,19,1.25,19,5.3,LOW,SYNTHETIC_DEMO_DATA
2026-03-07 15:30:00,5,15,30,15.5,0,0,1,11,10,15,1.33,20,17.3,LOW,SYNTHETIC_DEMO_DATA
2026-03-07 16:00:00,5,16,0,16.0,0,0,2,9,10,24,1.41,29,8.5,LOW,SYNTHETIC_DEMO_DATA
2026-03-07 16:30:00,5,16,30,16.5,0,0,2,5,5,21,1.06,21,3.1,LOW,SYNTHETIC_DEMO_DATA
2026-03-07 17:00:00,5,17,0,17.0,0,0,3,9,9,29,1.39,29,5.3,LOW,SYNTHETIC_DEMO_DATA
2026-03-07 17:30:00,5,17,30,17.5,0,0,2,15,13,27,1.56,36,12.3,LOW,SYNTHETIC_DEMO_DATA
2026-03-07 18:00:00,5,18,0,18.0,0,0,2,11,12,28,1.29,32,7.3,LOW,SYNTHETIC_DEMO_DATA
2026-03-07 18:30:00,5,18,30,18.5,0,0,2,7,7,27,1.38,27,6.6,LOW,SYNTHETIC_DEMO_DATA
2026-03-07 19:00:00,5,19,0,19.0,0,0,1,12,10,24,0.92,31,15.6,LOW,SYNTHETIC_DEMO_DATA
2026-03-07 19:30:00,5,19,30,19.5,0,0,1,18,18,17,1.11,34,24.7,LOW,SYNTHETIC_DEMO_DATA
2026-03-08 08:00:00,6,8,0,8.0,1,0,1,12,12,15,1.26,23,18.4,LOW,SYNTHETIC_DEMO_DATA
2026-03-08 08:30:00,6,8,30,8.5,1,0,3,7,7,25,1.02,25,2.2,LOW,SYNTHETIC_DEMO_DATA
2026-03-08 09:00:00,6,9,0,9.0,1,0,2,4,3,22,1.34,22,2.3,LOW,SYNTHETIC_DEMO_DATA
2026-03-08 09:30:00,6,9,30,9.5,1,0,2,5,7,26,1.32,26,4.6,LOW,SYNTHETIC_DEMO_DATA
2026-03-08 10:00:00,6,10,0,10.0,1,0,1,16,15,19,1.11,25,22.5,LOW,SYNTHETIC_DEMO_DATA
2026-03-08 10:30:00,6,10,30,10.5,1,0,1,11,9,16,1.17,26,14.6,LOW,SYNTHETIC_DEMO_DATA
2026-03-08 11:00:00,6,11,0,11.0,1,0,2,3,4,21,1.48,21,3.3,LOW,SYNTHETIC_DEMO_DATA
2026-03-08 11:30:00,6,11,30,11.5,1,0,2,6,8,20,1.32,20,4.7,LOW,SYNTHETIC_DEMO_DATA
2026-03-08 12:00:00,6,12,0,12.0,1,0,2,14,12,27,1.25,41,10.2,MEDIUM,SYNTHETIC_DEMO_DATA
2026-03-08 12:30:00,6,12,30,12.5,1,0,2,28,26,27,1.48,43,22.9,MEDIUM,SYNTHETIC_DEMO_DATA
2026-03-08 13:00:00,6,13,0,13.0,1,0,1,34,30,14,1.34,45,54.7,MEDIUM,SYNTHETIC_DEMO_DATA
2026-03-08 13:30:00,6,13,30,13.5,1,0,2,24,19,25,1.44,42,18.9,MEDIUM,SYNTHETIC_DEMO_DATA
2026-03-08 14:00:00,6,14,0,14.0,1,0,2,24,21,25,1.48,42,21.8,MEDIUM,SYNTHETIC_DEMO_DATA
2026-03-08 14:30:00,6,14,30,14.5,1,0,2,4,4,19,1.79,23,3.8,LOW,SYNTHETIC_DEMO_DATA
2026-03-08 15:00:00,6,15,0,15.0,1,0,2,9,10,30,1.2,30,6.7,LOW,SYNTHETIC_DEMO_DATA
2026-03-08 15:30:00,6,15,30,15.5,1,0,1,17,14,16,1.24,30,24.7,LOW,SYNTHETIC_DEMO_DATA
2026-03-08 16:00:00,6,16,0,16.0,1,0,2,4,7,19,1.16,19,2.6,LOW,SYNTHETIC_DEMO_DATA
2026-03-08 16:30:00,6,16,30,16.5,1,0,1,13,13,18,1.26,24,20.7,LOW,SYNTHETIC_DEMO_DATA
2026-03-08 17:00:00,6,17,0,17.0,1,0,2,8,8,23,1.66,28,8.2,LOW,SYNTHETIC_DEMO_DATA
2026-03-08 17:30:00,6,17,30,17.5,1,0,2,5,5,27,1.22,27,4.6,LOW,SYNTHETIC_DEMO_DATA
2026-03-08 18:00:00,6,18,0,18.0,1,0,2,5,8,20,1.22,20,4.4,LOW,SYNTHETIC_DEMO_DATA
2026-03-08 18:30:00,6,18,30,18.5,1,0,1,17,14,18,1.34,30,26.8,LOW,SYNTHETIC_DEMO_DATA
2026-03-08 19:00:00,6,19,0,19.0,1,0,3,7,7,29,1.39,29,3.3,LOW,SYNTHETIC_DEMO_DATA
2026-03-08 19:30:00,6,19,30,19.5,1,0,2,3,6,23,1.51,23,3.3,LOW,SYNTHETIC_DEMO_DATA
2026-03-09 08:00:00,0,8,0,8.0,0,0,1,21,21,13,1.42,35,35.1,LOW,SYNTHETIC_DEMO_DATA
2026-03-09 08:30:00,0,8,30,8.5,0,0,3,48,41,31,1.64,77,29.2,HIGH,SYNTHETIC_DEMO_DATA
2026-03-09 09:00:00,0,9,0,9.0,0,0,3,40,36,35,1.45,75,22.4,HIGH,SYNTHETIC_DEMO_DATA
2026-03-09 09:30:00,0,9,30,9.5,0,0,2,21,17,28,1.22,40,15.0,MEDIUM,SYNTHETIC_DEMO_DATA
2026-03-09 10:00:00,0,10,0,10.0,0,0,2,18,16,25,1.54,39,15.6,MEDIUM,SYNTHETIC_DEMO_DATA
2026-03-09 10:30:00,0,10,30,10.5,0,0,4,52,43,38,1.77,92,27.1,HIGH,SYNTHETIC_DEMO_DATA
2026-03-09 11:00:00,0,11,0,11.0,0,0,3,53,46,32,1.8,85,36.1,HIGH,SYNTHETIC_DEMO_DATA
2026-03-09 11:30:00,0,11,30,11.5,0,0,2,38,32,25,1.33,61,30.5,MEDIUM,SYNTHETIC_DEMO_DATA
2026-03-09 12:00:00,0,12,0,12.0,0,0,5,60,51,48,1.82,99,23.0,VERY HIGH,SYNTHETIC_DEMO_DATA
2026-03-09 12:30:00,0,12,30,12.5,0,0,4,54,47,41,1.6,97,24.3,VERY HIGH,SYNTHETIC_DEMO_DATA
2026-03-09 13:00:00,0,13,0,13.0,0,0,4,69,58,34,1.91,108,35.6,VERY HIGH,SYNTHETIC_DEMO_DATA
2026-03-09 13:30:00,0,13,30,13.5,0,0,3,73,61,32,1.83,99,49.0,VERY HIGH,SYNTHETIC_DEMO_DATA
2026-03-09 14:00:00,0,14,0,14.0,0,0,3,30,25,48,1.0,72,11.8,MEDIUM,SYNTHETIC_DEMO_DATA
2026-03-09 14:30:00,0,14,30,14.5,0,0,2,56,46,26,1.51,79,47.9,HIGH,SYNTHETIC_DEMO_DATA
2026-03-09 15:00:00,0,15,0,15.0,0,0,3,3,5,29,1.65,29,3.4,LOW,SYNTHETIC_DEMO_DATA
2026-03-09 15:30:00,0,15,30,15.5,0,0,1,19,15,13,1.39,34,29.6,LOW,SYNTHETIC_DEMO_DATA
2026-03-09 16:00:00,0,16,0,16.0,0,0,2,15,14,27,1.49,32,13.2,LOW,SYNTHETIC_DEMO_DATA
2026-03-09 16:30:00,0,16,30,16.5,0,0,4,47,40,39,1.66,84,20.7,HIGH,SYNTHETIC_DEMO_DATA
2026-03-09 17:00:00,0,17,0,17.0,0,0,3,48,42,30,1.85,75,33.5,HIGH,SYNTHETIC_DEMO_DATA
2026-03-09 17:30:00,0,17,30,17.5,0,0,4,38,32,54,1.3,82,14.5,HIGH,SYNTHETIC_DEMO_DATA
2026-03-09 18:00:00,0,18,0,18.0,0,0,1,31,27,17,1.51,46,53.7,MEDIUM,SYNTHETIC_DEMO_DATA
2026-03-09 18:30:00,0,18,30,18.5,0,0,3,16,16,37,1.47,49,9.7,MEDIUM,SYNTHETIC_DEMO_DATA
2026-03-09 19:00:00,0,19,0,19.0,0,0,3,5,7,27,1.47,27,4.2,LOW,SYNTHETIC_DEMO_DATA
2026-03-09 19:30:00,0,19,30,19.5,0,0,1,5,8,15,1.04,15,7.7,LOW,SYNTHETIC_DEMO_DATA
2026-03-10 08:00:00,1,8,0,8.0,0,0,1,28,23,18,1.38,38,45.0,MEDIUM,SYNTHETIC_DEMO_DATA
2026-03-10 08:30:00,1,8,30,8.5,0,0,3,33,28,49,0.97,77,12.8,HIGH,SYNTHETIC_DEMO_DATA
2026-03-10 09:00:00,1,9,0,9.0,0,0,3,32,29,53,1.01,78,12.9,HIGH,SYNTHETIC_DEMO_DATA
2026-03-10 09:30:00,1,9,30,9.5,0,0,2,9,11,33,1.07,37,7.4,MEDIUM,SYNTHETIC_DEMO_DATA
2026-03-10 10:00:00,1,10,0,10.0,0,0,3,14,12,43,1.23,49,5.1,MEDIUM,SYNTHETIC_DEMO_DATA
2026-03-10 10:30:00,1,10,30,10.5,0,0,5,49,42,45,1.84,89,19.8,HIGH,SYNTHETIC_DEMO_DATA
2026-03-10 11:00:00,1,11,0,11.0,0,0,4,44,38,40,1.75,85,21.9,HIGH,SYNTHETIC_DEMO_DATA
2026-03-10 11:30:00,1,11,30,11.5,0,0,4,5,7,58,1.03,58,2.3,MEDIUM,SYNTHETIC_DEMO_DATA
2026-03-10 12:00:00,1,12,0,12.0,0,0,4,64,53,38,1.82,99,32.8,VERY HIGH,SYNTHETIC_DEMO_DATA
2026-03-10 12:30:00,1,12,30,12.5,0,0,4,70,58,36,1.8,104,34.2,VERY HIGH,SYNTHETIC_DEMO_DATA
2026-03-10 13:00:00,1,13,0,13.0,0,0,4,64,53,44,1.65,105,31.3,VERY HIGH,SYNTHETIC_DEMO_DATA
2026-03-10 13:30:00,1,13,30,13.5,0,0,4,60,52,34,1.94,96,33.1,HIGH,SYNTHETIC_DEMO_DATA
2026-03-10 14:00:00,1,14,0,14.0,0,0,2,55,47,23,1.56,76,48.4,HIGH,SYNTHETIC_DEMO_DATA
2026-03-10 14:30:00,1,14,30,14.5,0,0,2,42,37,28,1.36,69,33.2,MEDIUM,SYNTHETIC_DEMO_DATA
2026-03-10 15:00:00,1,15,0,15.0,0,0,3,7,10,31,1.41,31,5.1,LOW,SYNTHETIC_DEMO_DATA
2026-03-10 15:30:00,1,15,30,15.5,0,0,3,11,10,36,1.51,38,5.9,MEDIUM,SYNTHETIC_DEMO_DATA
2026-03-10 16:00:00,1,16,0,16.0,0,0,1,12,11,18,1.41,26,19.9,LOW,SYNTHETIC_DEMO_DATA
2026-03-10 16:30:00,1,16,30,16.5,0,0,5,26,23,63,1.33,81,7.0,HIGH,SYNTHETIC_DEMO_DATA
2026-03-10 17:00:00,1,17,0,17.0,0,0,3,49,42,31,1.83,79,33.1,HIGH,SYNTHETIC_DEMO_DATA
2026-03-10 17:30:00,1,17,30,17.5,0,0,4,34,27,47,1.42,80,12.2,HIGH,SYNTHETIC_DEMO_DATA
2026-03-10 18:00:00,1,18,0,18.0,0,0,1,38,34,15,1.37,47,60.0,MEDIUM,SYNTHETIC_DEMO_DATA
2026-03-10 18:30:00,1,18,30,18.5,0,0,2,28,23,28,1.3,51,20.4,MEDIUM,SYNTHETIC_DEMO_DATA
2026-03-10 19:00:00,1,19,0,19.0,0,0,1,11,12,14,1.36,25,17.3,LOW,SYNTHETIC_DEMO_DATA
2026-03-10 19:30:00,1,19,30,19.5,0,0,2,1,2,15,1.29,15,1.0,LOW,SYNTHETIC_DEMO_DATA
2026-03-11 08:00:00,2,8,0,8.0,0,0,2,21,21,23,1.43,43,18.2,MEDIUM,SYNTHETIC_DEMO_DATA
2026-03-11 08:30:00,2,8,30,8.5,0,0,2,51,43,28,1.3,80,37.7,HIGH,SYNTHETIC_DEMO_DATA
2026-03-11 09:00:00,2,9,0,9.0,0,0,3,43,35,38,1.4,79,22.6,HIGH,SYNTHETIC_DEMO_DATA
2026-03-11 09:30:00,2,9,30,9.5,0,0,2,14,12,29,1.17,37,10.2,MEDIUM,SYNTHETIC_DEMO_DATA
2026-03-11 10:00:00,2,10,0,10.0,0,0,3,8,9,38,1.4,40,2.9,MEDIUM,SYNTHETIC_DEMO_DATA
2026-03-11 10:30:00,2,10,30,10.5,0,0,4,42,36,47,1.36,89,16.4,HIGH,SYNTHETIC_DEMO_DATA
2026-03-11 11:00:00,2,11,0,11.0,0,0,4,45,36,39,1.65,81,20.2,HIGH,SYNTHETIC_DEMO_DATA
2026-03-11 11:30:00,2,11,30,11.5,0,0,4,0,1,38,1.49,38,1.9,MEDIUM,SYNTHETIC_DEMO_DATA
2026-03-11 12:00:00,2,12,0,12.0,0,0,3,78,63,29,2.03,108,56.5,VERY HIGH,SYNTHETIC_DEMO_DATA
2026-03-11 12:30:00,2,12,30,12.5,0,0,4,60,51,38,1.79,99,29.6,VERY HIGH,SYNTHETIC_DEMO_DATA
2026-03-11 13:00:00,2,13,0,13.0,0,0,4,57,49,44,1.64,97,27.2,VERY HIGH,SYNTHETIC_DEMO_DATA
2026-03-11 13:30:00,2,13,30,13.5,0,0,5,56,48,48,1.65,101,19.6,VERY HIGH,SYNTHETIC_DEMO_DATA
2026-03-11 14:00:00,2,14,0,14.0,0,0,3,48,40,31,1.62,74,28.9,HIGH,SYNTHETIC_DEMO_DATA
2026-03-11 14:30:00,2,14,30,14.5,0,0,4,34,31,40,1.64,69,15.7,MEDIUM,SYNTHETIC_DEMO_DATA
2026-03-11 15:00:00,2,15,0,15.0,0,0,3,7,7,29,1.6,29,4.0,LOW,SYNTHETIC_DEMO_DATA
2026-03-11 15:30:00,2,15,30,15.5,0,0,2,8,8,29,1.11,29,6.2,LOW,SYNTHETIC_DEMO_DATA
2026-03-11 16:00:00,2,16,0,16.0,0,0,1,20,18,18,1.37,31,31.1,LOW,SYNTHETIC_DEMO_DATA
2026-03-11 16:30:00,2,16,30,16.5,0,0,4,47,38,43,1.56,85,19.2,HIGH,SYNTHETIC_DEMO_DATA
2026-03-11 17:00:00,2,17,0,17.0,0,0,5,37,32,45,1.88,81,15.8,HIGH,SYNTHETIC_DEMO_DATA
2026-03-11 17:30:00,2,17,30,17.5,0,0,4,36,33,41,1.65,78,16.3,HIGH,SYNTHETIC_DEMO_DATA
2026-03-11 18:00:00,2,18,0,18.0,0,0,2,31,26,21,1.64,47,28.8,MEDIUM,SYNTHETIC_DEMO_DATA
2026-03-11 18:30:00,2,18,30,18.5,0,0,2,18,18,28,1.33,40,14.5,MEDIUM,SYNTHETIC_DEMO_DATA
2026-03-11 19:00:00,2,19,0,19.0,0,0,2,1,3,23,1.35,23,1.8,LOW,SYNTHETIC_DEMO_DATA
2026-03-11 19:30:00,2,19,30,19.5,0,0,2,4,3,17,0.84,17,2.8,LOW,SYNTHETIC_DEMO_DATA
2026-03-12 08:00:00,3,8,0,8.0,0,0,1,23,19,18,1.15,37,31.2,MEDIUM,SYNTHETIC_DEMO_DATA
2026-03-12 08:30:00,3,8,30,8.5,0,0,4,33,29,50,1.3,79,12.4,HIGH,SYNTHETIC_DEMO_DATA
2026-03-12 09:00:00,3,9,0,9.0,0,0,2,48,42,24,1.36,76,38.4,HIGH,SYNTHETIC_DEMO_DATA
2026-03-12 09:30:00,3,9,30,9.5,0,0,1,37,31,19,1.25,48,54.6,MEDIUM,SYNTHETIC_DEMO_DATA
2026-03-12 10:00:00,3,10,0,10.0,0,0,2,13,12,23,1.62,34,12.2,LOW,SYNTHETIC_DEMO_DATA
2026-03-12 10:30:00,3,10,30,10.5,0,0,4,52,43,44,1.6,92,23.7,HIGH,SYNTHETIC_DEMO_DATA
2026-03-12 11:00:00,3,11,0,11.0,0,0,3,64,55,26,2.06,95,48.0,HIGH,SYNTHETIC_DEMO_DATA
2026-03-12 11:30:00,3,11,30,11.5,0,0,3,25,24,33,1.48,52,14.5,MEDIUM,SYNTHETIC_DEMO_DATA
2026-03-12 12:00:00,3,12,0,12.0,0,0,3,65,54,37,1.48,97,36.8,VERY HIGH,SYNTHETIC_DEMO_DATA
2026-03-12 12:30:00,3,12,30,12.5,0,0,3,70,59,25,1.96,96,51.0,HIGH,SYNTHETIC_DEMO_DATA
2026-03-12 13:00:00,3,13,0,13.0,0,0,3,77,64,33,1.78,108,52.0,VERY HIGH,SYNTHETIC_DEMO_DATA
2026-03-12 13:30:00,3,13,30,13.5,0,0,5,51,43,55,1.53,101,18.5,VERY HIGH,SYNTHETIC_DEMO_DATA
2026-03-12 14:00:00,3,14,0,14.0,0,0,3,42,37,33,1.6,71,23.3,MEDIUM,SYNTHETIC_DEMO_DATA
2026-03-12 14:30:00,3,14,30,14.5,0,0,3,46,40,38,1.46,75,27.3,HIGH,SYNTHETIC_DEMO_DATA
2026-03-12 15:00:00,3,15,0,15.0,0,0,2,6,6,25,1.25,25,4.3,LOW,SYNTHETIC_DEMO_DATA
2026-03-12 15:30:00,3,15,30,15.5,0,0,2,5,4,26,1.35,27,2.5,LOW,SYNTHETIC_DEMO_DATA
2026-03-12 16:00:00,3,16,0,16.0,0,0,2,10,11,24,1.43,29,9.0,LOW,SYNTHETIC_DEMO_DATA
2026-03-12 16:30:00,3,16,30,16.5,0,0,4,49,41,39,1.65,83,23.7,HIGH,SYNTHETIC_DEMO_DATA
2026-03-12 17:00:00,3,17,0,17.0,0,0,4,49,40,39,1.89,84,26.2,HIGH,SYNTHETIC_DEMO_DATA
2026-03-12 17:30:00,3,17,30,17.5,0,0,3,57,47,30,1.96,82,40.2,HIGH,SYNTHETIC_DEMO_DATA
2026-03-12 18:00:00,3,18,0,18.0,0,0,1,38,31,15,1.25,51,55.1,MEDIUM,SYNTHETIC_DEMO_DATA
2026-03-12 18:30:00,3,18,30,18.5,0,0,1,27,22,12,1.54,43,47.4,MEDIUM,SYNTHETIC_DEMO_DATA
2026-03-12 19:00:00,3,19,0,19.0,0,0,1,12,13,15,1.64,20,22.8,LOW,SYNTHETIC_DEMO_DATA
2026-03-12 19:30:00,3,19,30,19.5,0,0,1,13,12,15,1.48,19,23.4,LOW,SYNTHETIC_DEMO_DATA
2026-03-13 08:00:00,4,8,0,8.0,0,0,1,27,23,14,1.26,42,39.2,MEDIUM,SYNTHETIC_DEMO_DATA
2026-03-13 08:30:00,4,8,30,8.5,0,0,3,45,40,37,1.55,75,27.3,HIGH,SYNTHETIC_DEMO_DATA
2026-03-13 09:00:00,4,9,0,9.0,0,0,4,24,21,56,1.18,71,8.9,MEDIUM,SYNTHETIC_DEMO_DATA
2026-03-13 09:30:00,4,9,30,9.5,0,0,1,28,23,17,1.51,43,47.7,MEDIUM,SYNTHETIC_DEMO_DATA
2026-03-13 10:00:00,4,10,0,10.0,0,0,2,16,14,33,1.07,45,9.9,MEDIUM,SYNTHETIC_DEMO_DATA
2026-03-13 10:30:00,4,10,30,10.5,0,0,4,50,41,41,1.69,84,22.6,HIGH,SYNTHETIC_DEMO_DATA
2026-03-13 11:00:00,4,11,0,11.0,0,0,4,39,33,43,1.48,83,16.5,HIGH,SYNTHETIC_DEMO_DATA
2026-03-13 11:30:00,4,11,30,11.5,0,0,4,16,16,46,1.38,53,5.2,MEDIUM,SYNTHETIC_DEMO_DATA
2026-03-13 12:00:00,4,12,0,12.0,0,0,3,69,58,26,2.0,99,50.7,VERY HIGH,SYNTHETIC_DEMO_DATA
2026-03-13 12:30:00,4,12,30,12.5,0,0,5,59,49,50,1.63,99,21.5,VERY HIGH,SYNTHETIC_DEMO_DATA
2026-03-13 13:00:00,4,13,0,13.0,0,0,3,71,58,33,1.56,104,41.3,VERY HIGH,SYNTHETIC_DEMO_DATA
2026-03-13 13:30:00,4,13,30,13.5,0,0,4,53,45,45,1.47,91,23.3,HIGH,SYNTHETIC_DEMO_DATA
2026-03-13 14:00:00,4,14,0,14.0,0,0,3,26,24,51,1.01,69,9.9,MEDIUM,SYNTHETIC_DEMO_DATA
2026-03-13 14:30:00,4,14,30,14.5,0,0,3,31,28,46,1.11,70,14.1,MEDIUM,SYNTHETIC_DEMO_DATA
2026-03-13 15:00:00,4,15,0,15.0,0,0,2,7,8,25,1.41,28,4.7,LOW,SYNTHETIC_DEMO_DATA
2026-03-13 15:30:00,4,15,30,15.5,0,0,1,17,17,18,1.27,29,25.0,LOW,SYNTHETIC_DEMO_DATA
2026-03-13 16:00:00,4,16,0,16.0,0,0,2,8,10,33,1.03,33,6.3,LOW,SYNTHETIC_DEMO_DATA
2026-03-13 16:30:00,4,16,30,16.5,0,0,4,46,38,34,2.04,75,25.8,HIGH,SYNTHETIC_DEMO_DATA
2026-03-13 17:00:00,4,17,0,17.0,0,0,3,45,40,38,1.52,80,25.0,HIGH,SYNTHETIC_DEMO_DATA
2026-03-13 17:30:00,4,17,30,17.5,0,0,3,51,42,33,1.6,83,30.4,HIGH,SYNTHETIC_DEMO_DATA
2026-03-13 18:00:00,4,18,0,18.0,0,0,2,20,19,26,1.42,40,16.4,MEDIUM,SYNTHETIC_DEMO_DATA
2026-03-13 18:30:00,4,18,30,18.5,0,0,1,36,29,13,1.44,48,58.9,MEDIUM,SYNTHETIC_DEMO_DATA
2026-03-13 19:00:00,4,19,0,19.0,0,0,2,5,4,26,1.31,26,4.4,LOW,SYNTHETIC_DEMO_DATA
2026-03-13 19:30:00,4,19,30,19.5,0,0,1,9,11,17,1.37,20,15.0,LOW,SYNTHETIC_DEMO_DATA
2026-03-14 08:00:00,5,8,0,8.0,0,0,2,7,6,28,1.29,28,6.5,LOW,SYNTHETIC_DEMO_DATA
2026-03-14 08:30:00,5,8,30,8.5,0,0,2,7,6,26,1.25,30,5.4,LOW,SYNTHETIC_DEMO_DATA
2026-03-14 09:00:00,5,9,0,9.0,0,0,3,1,3,31,1.6,31,1.0,LOW,SYNTHETIC_DEMO_DATA
2026-03-14 09:30:00,5,9,30,9.5,0,0,2,5,5,28,1.16,33,3.5,LOW,SYNTHETIC_DEMO_DATA
2026-03-14 10:00:00,5,10,0,10.0,0,0,1,13,12,17,1.41,23,19.9,LOW,SYNTHETIC_DEMO_DATA
2026-03-14 10:30:00,5,10,30,10.5,0,0,1,4,3,17,1.35,17,6.4,LOW,SYNTHETIC_DEMO_DATA
2026-03-14 11:00:00,5,11,0,11.0,0,0,2,7,8,22,1.66,22,7.4,LOW,SYNTHETIC_DEMO_DATA
2026-03-14 11:30:00,5,11,30,11.5,0,0,3,6,8,20,1.43,20,3.1,LOW,SYNTHETIC_DEMO_DATA
2026-03-14 12:00:00,5,12,0,12.0,0,0,1,35,29,18,1.28,49,51.7,MEDIUM,SYNTHETIC_DEMO_DATA
2026-03-14 12:30:00,5,12,30,12.5,0,0,1,27,25,15,1.37,43,42.9,MEDIUM,SYNTHETIC_DEMO_DATA
2026-03-14 13:00:00,5,13,0,13.0,0,0,1,30,27,20,1.19,46,42.0,MEDIUM,SYNTHETIC_DEMO_DATA
2026-03-14 13:30:00,5,13,30,13.5,0,0,1,36,33,13,1.53,44,63.6,MEDIUM,SYNTHETIC_DEMO_DATA
2026-03-14 14:00:00,5,14,0,14.0,0,0,2,24,23,28,1.31,46,19.3,MEDIUM,SYNTHETIC_DEMO_DATA
2026-03-14 14:30:00,5,14,30,14.5,0,0,1,9,11,13,1.5,24,17.9,LOW,SYNTHETIC_DEMO_DATA
2026-03-14 15:00:00,5,15,0,15.0,0,0,1,14,14,15,1.2,29,19.0,LOW,SYNTHETIC_DEMO_DATA
2026-03-14 15:30:00,5,15,30,15.5,0,0,3,4,4,25,1.55,25,2.2,LOW,SYNTHETIC_DEMO_DATA
2026-03-14 16:00:00,5,16,0,16.0,0,0,1,7,6,18,1.36,22,11.5,LOW,SYNTHETIC_DEMO_DATA
2026-03-14 16:30:00,5,16,30,16.5,0,0,1,14,12,18,1.32,27,21.7,LOW,SYNTHETIC_DEMO_DATA
2026-03-14 17:00:00,5,17,0,17.0,0,0,1,17,18,19,1.36,29,28.5,LOW,SYNTHETIC_DEMO_DATA
2026-03-14 17:30:00,5,17,30,17.5,0,0,2,9,7,29,1.29,29,5.7,LOW,SYNTHETIC_DEMO_DATA
2026-03-14 18:00:00,5,18,0,18.0,0,0,2,4,3,31,1.02,31,2.8,LOW,SYNTHETIC_DEMO_DATA
2026-03-14 18:30:00,5,18,30,18.5,0,0,1,5,7,14,1.73,19,10.4,LOW,SYNTHETIC_DEMO_DATA
2026-03-14 19:00:00,5,19,0,19.0,0,0,1,16,14,15,1.54,26,29.1,LOW,SYNTHETIC_DEMO_DATA
2026-03-14 19:30:00,5,19,30,19.5,0,0,1,16,14,20,1.28,30,24.2,LOW,SYNTHETIC_DEMO_DATA
2026-03-15 08:00:00,6,8,0,8.0,1,0,1,16,16,17,1.42,24,25.7,LOW,SYNTHETIC_DEMO_DATA
2026-03-15 08:30:00,6,8,30,8.5,1,0,1,19,19,18,1.36,31,29.8,LOW,SYNTHETIC_DEMO_DATA
2026-03-15 09:00:00,6,9,0,9.0,1,0,3,1,5,33,1.53,33,1.0,LOW,SYNTHETIC_DEMO_DATA
2026-03-15 09:30:00,6,9,30,9.5,1,0,1,12,10,20,0.99,24,14.2,LOW,SYNTHETIC_DEMO_DATA
2026-03-15 10:00:00,6,10,0,10.0,1,0,1,24,21,15,1.56,33,41.5,LOW,SYNTHETIC_DEMO_DATA
2026-03-15 10:30:00,6,10,30,10.5,1,0,1,6,6,18,1.42,19,10.4,LOW,SYNTHETIC_DEMO_DATA
2026-03-15 11:00:00,6,11,0,11.0,1,0,1,17,17,16,1.57,29,31.7,LOW,SYNTHETIC_DEMO_DATA
2026-03-15 11:30:00,6,11,30,11.5,1,0,1,10,9,21,1.04,23,12.2,LOW,SYNTHETIC_DEMO_DATA
2026-03-15 12:00:00,6,12,0,12.0,1,0,2,27,23,28,1.33,52,21.8,MEDIUM,SYNTHETIC_DEMO_DATA
2026-03-15 12:30:00,6,12,30,12.5,1,0,3,14,14,36,1.41,45,9.4,MEDIUM,SYNTHETIC_DEMO_DATA
2026-03-15 13:00:00,6,13,0,13.0,1,0,1,33,29,14,1.29,44,49.3,MEDIUM,SYNTHETIC_DEMO_DATA
2026-03-15 13:30:00,6,13,30,13.5,1,0,3,16,15,35,1.54,47,9.9,MEDIUM,SYNTHETIC_DEMO_DATA
2026-03-15 14:00:00,6,14,0,14.0,1,0,1,27,24,18,1.25,44,39.7,MEDIUM,SYNTHETIC_DEMO_DATA
2026-03-15 14:30:00,6,14,30,14.5,1,0,1,16,15,16,1.22,25,22.1,LOW,SYNTHETIC_DEMO_DATA
2026-03-15 15:00:00,6,15,0,15.0,1,0,2,5,5,30,1.07,30,4.6,LOW,SYNTHETIC_DEMO_DATA
2026-03-15 15:30:00,6,15,30,15.5,1,0,2,2,3,25,1.36,25,1.7,LOW,SYNTHETIC_DEMO_DATA
2026-03-15 16:00:00,6,16,0,16.0,1,0,1,10,10,15,1.58,17,19.1,LOW,SYNTHETIC_DEMO_DATA
2026-03-15 16:30:00,6,16,30,16.5,1,0,1,19,16,18,1.1,33,25.4,LOW,SYNTHETIC_DEMO_DATA
2026-03-15 17:00:00,6,17,0,17.0,1,0,1,10,11,13,1.42,24,17.9,LOW,SYNTHETIC_DEMO_DATA
2026-03-15 17:30:00,6,17,30,17.5,1,0,1,9,11,18,1.53,18,18.4,LOW,SYNTHETIC_DEMO_DATA
2026-03-15 18:00:00,6,18,0,18.0,1,0,1,11,10,11,1.72,22,21.7,LOW,SYNTHETIC_DEMO_DATA
2026-03-15 18:30:00,6,18,30,18.5,1,0,1,17,16,15,1.34,31,26.6,LOW,SYNTHETIC_DEMO_DATA
2026-03-15 19:00:00,6,19,0,19.0,1,0,1,15,16,18,1.36,27,23.2,LOW,SYNTHETIC_DEMO_DATA
2026-03-15 19:30:00,6,19,30,19.5,1,0,3,8,10,24,1.48,24,5.3,LOW,SYNTHETIC_DEMO_DATA
2026-03-16 08:00:00,0,8,0,8.0,1,0,1,20,19,17,1.58,27,38.3,LOW,SYNTHETIC_DEMO_DATA
2026-03-16 08:30:00,0,8,30,8.5,1,0,1,17,14,16,1.26,31,25.9,LOW,SYNTHETIC_DEMO_DATA
2026-03-16 09:00:00,0,9,0,9.0,1,0,3,4,5,22,1.4,22,3.3,LOW,SYNTHETIC_DEMO_DATA
2026-03-16 09:30:00,0,9,30,9.5,1,0,1,22,18,14,1.53,32,38.2,LOW,SYNTHETIC_DEMO_DATA
2026-03-16 10:00:00,0,10,0,10.0,1,0,2,5,4,29,1.21,29,3.3,LOW,SYNTHETIC_DEMO_DATA
2026-03-16 10:30:00,0,10,30,10.5,1,0,1,16,15,17,1.34,26,24.9,LOW,SYNTHETIC_DEMO_DATA
2026-03-16 11:00:00,0,11,0,11.0,1,0,3,4,6,25,1.21,25,2.9,LOW,SYNTHETIC_DEMO_DATA
2026-03-16 11:30:00,0,11,30,11.5,1,0,3,7,8,26,1.03,26,2.4,LOW,SYNTHETIC_DEMO_DATA
2026-03-16 12:00:00,0,12,0,12.0,1,0,2,15,13,28,1.16,41,9.2,MEDIUM,SYNTHETIC_DEMO_DATA
2026-03-16 12:30:00,0,12,30,12.5,1,0,3,17,14,38,1.43,46,8.4,MEDIUM,SYNTHETIC_DEMO_DATA
2026-03-16 13:00:00,0,13,0,13.0,1,0,3,15,16,40,1.39,45,7.3,MEDIUM,SYNTHETIC_DEMO_DATA
2026-03-16 13:30:00,0,13,30,13.5,1,0,1,32,29,14,1.41,45,51.3,MEDIUM,SYNTHETIC_DEMO_DATA
2026-03-16 14:00:00,0,14,0,14.0,1,0,1,28,26,13,1.56,41,51.8,MEDIUM,SYNTHETIC_DEMO_DATA
2026-03-16 14:30:00,0,14,30,14.5,1,0,2,2,4,28,1.15,28,1.0,LOW,SYNTHETIC_DEMO_DATA
2026-03-16 15:00:00,0,15,0,15.0,1,0,1,21,18,16,1.47,28,35.2,LOW,SYNTHETIC_DEMO_DATA
2026-03-16 15:30:00,0,15,30,15.5,1,0,1,13,12,19,1.25,26,20.1,LOW,SYNTHETIC_DEMO_DATA
2026-03-16 16:00:00,0,16,0,16.0,1,0,1,14,14,14,1.25,25,20.8,LOW,SYNTHETIC_DEMO_DATA
2026-03-16 16:30:00,0,16,30,16.5,1,0,3,3,4,26,1.68,26,1.0,LOW,SYNTHETIC_DEMO_DATA
2026-03-16 17:00:00,0,17,0,17.0,1,0,2,6,6,20,1.31,20,4.6,LOW,SYNTHETIC_DEMO_DATA
2026-03-16 17:30:00,0,17,30,17.5,1,0,2,5,6,24,1.43,26,5.2,LOW,SYNTHETIC_DEMO_DATA
2026-03-16 18:00:00,0,18,0,18.0,1,0,2,1,2,19,1.39,19,1.6,LOW,SYNTHETIC_DEMO_DATA
2026-03-16 18:30:00,0,18,30,18.5,1,0,3,6,8,24,1.41,24,2.7,LOW,SYNTHETIC_DEMO_DATA
2026-03-16 19:00:00,0,19,0,19.0,1,0,1,19,19,15,1.42,25,31.4,LOW,SYNTHETIC_DEMO_DATA
2026-03-16 19:30:00,0,19,30,19.5,1,0,2,1,2,19,1.46,19,1.8,LOW,SYNTHETIC_DEMO_DATA
2026-03-17 08:00:00,1,8,0,8.0,0,0,1,17,16,19,1.31,27,25.9,LOW,SYNTHETIC_DEMO_DATA
2026-03-17 08:30:00,1,8,30,8.5,0,0,2,49,42,27,1.29,75,36.9,HIGH,SYNTHETIC_DEMO_DATA
2026-03-17 09:00:00,1,9,0,9.0,0,0,2,52,42,24,1.42,78,42.9,HIGH,SYNTHETIC_DEMO_DATA
2026-03-17 09:30:00,1,9,30,9.5,0,0,1,19,19,20,1.16,31,26.3,LOW,SYNTHETIC_DEMO_DATA
2026-03-17 10:00:00,1,10,0,10.0,0,0,1,24,22,19,1.2,37,33.4,MEDIUM,SYNTHETIC_DEMO_DATA
2026-03-17 10:30:00,1,10,30,10.5,0,0,4,45,37,36,1.88,82,24.5,HIGH,SYNTHETIC_DEMO_DATA
2026-03-17 11:00:00,1,11,0,11.0,0,0,5,39,31,52,1.66,85,14.9,HIGH,SYNTHETIC_DEMO_DATA
2026-03-17 11:30:00,1,11,30,11.5,0,0,2,24,22,30,1.11,49,15.6,MEDIUM,SYNTHETIC_DEMO_DATA
2026-03-17 12:00:00,1,12,0,12.0,0,0,3,71,60,34,1.63,99,43.8,VERY HIGH,SYNTHETIC_DEMO_DATA
2026-03-17 12:30:00,1,12,30,12.5,0,0,5,57,46,45,1.97,97,24.9,VERY HIGH,SYNTHETIC_DEMO_DATA
2026-03-17 13:00:00,1,13,0,13.0,0,0,4,56,49,45,1.48,102,21.8,VERY HIGH,SYNTHETIC_DEMO_DATA
2026-03-17 13:30:00,1,13,30,13.5,0,0,5,52,42,49,1.72,100,21.4,VERY HIGH,SYNTHETIC_DEMO_DATA
2026-03-17 14:00:00,1,14,0,14.0,0,0,2,42,35,24,1.43,67,34.5,MEDIUM,SYNTHETIC_DEMO_DATA
2026-03-17 14:30:00,1,14,30,14.5,0,0,3,46,37,34,1.51,79,26.1,HIGH,SYNTHETIC_DEMO_DATA
2026-03-17 15:00:00,1,15,0,15.0,0,0,2,10,11,28,1.3,29,9.0,LOW,SYNTHETIC_DEMO_DATA
2026-03-17 15:30:00,1,15,30,15.5,0,0,2,8,9,29,1.22,29,7.9,LOW,SYNTHETIC_DEMO_DATA
2026-03-17 16:00:00,1,16,0,16.0,0,0,2,14,15,24,1.52,31,11.6,LOW,SYNTHETIC_DEMO_DATA
2026-03-17 16:30:00,1,16,30,16.5,0,0,3,53,46,31,1.86,84,36.9,HIGH,SYNTHETIC_DEMO_DATA
2026-03-17 17:00:00,1,17,0,17.0,0,0,3,43,35,31,1.89,75,30.7,HIGH,SYNTHETIC_DEMO_DATA
2026-03-17 17:30:00,1,17,30,17.5,0,0,5,37,30,49,1.75,82,13.8,HIGH,SYNTHETIC_DEMO_DATA
2026-03-17 18:00:00,1,18,0,18.0,0,0,2,20,18,24,1.37,46,17.2,MEDIUM,SYNTHETIC_DEMO_DATA
2026-03-17 18:30:00,1,18,30,18.5,0,0,2,22,19,35,0.98,53,11.7,MEDIUM,SYNTHETIC_DEMO_DATA
2026-03-17 19:00:00,1,19,0,19.0,0,0,2,2,2,20,1.58,20,2.3,LOW,SYNTHETIC_DEMO_DATA
2026-03-17 19:30:00,1,19,30,19.5,0,0,2,2,5,22,1.3,22,1.1,LOW,SYNTHETIC_DEMO_DATA
2026-03-18 08:00:00,2,8,0,8.0,0,0,1,18,17,17,1.21,31,26.7,LOW,SYNTHETIC_DEMO_DATA
2026-03-18 08:30:00,2,8,30,8.5,0,0,2,60,50,28,1.41,84,49.0,HIGH,SYNTHETIC_DEMO_DATA
2026-03-18 09:00:00,2,9,0,9.0,0,0,3,41,34,44,1.19,83,18.8,HIGH,SYNTHETIC_DEMO_DATA
2026-03-18 09:30:00,2,9,30,9.5,0,0,1,27,23,13,1.49,40,44.6,MEDIUM,SYNTHETIC_DEMO_DATA
2026-03-18 10:00:00,2,10,0,10.0,0,0,1,38,33,16,1.38,47,61.5,MEDIUM,SYNTHETIC_DEMO_DATA
2026-03-18 10:30:00,2,10,30,10.5,0,0,4,50,40,40,1.62,91,22.5,HIGH,SYNTHETIC_DEMO_DATA
2026-03-18 11:00:00,2,11,0,11.0,0,0,4,45,39,41,1.72,84,22.6,HIGH,SYNTHETIC_DEMO_DATA
2026-03-18 11:30:00,2,11,30,11.5,0,0,3,15,14,45,1.19,54,6.7,MEDIUM,SYNTHETIC_DEMO_DATA
2026-03-18 12:00:00,2,12,0,12.0,0,0,4,66,56,39,1.78,98,31.7,VERY HIGH,SYNTHETIC_DEMO_DATA
2026-03-18 12:30:00,2,12,30,12.5,0,0,4,68,58,35,1.85,104,34.9,VERY HIGH,SYNTHETIC_DEMO_DATA
2026-03-18 13:00:00,2,13,0,13.0,0,0,4,55,48,39,1.69,95,26.6,HIGH,SYNTHETIC_DEMO_DATA
2026-03-18 13:30:00,2,13,30,13.5,0,0,4,65,55,36,1.95,101,34.9,VERY HIGH,SYNTHETIC_DEMO_DATA
2026-03-18 14:00:00,2,14,0,14.0,0,0,3,37,30,42,1.31,72,18.1,MEDIUM,SYNTHETIC_DEMO_DATA
2026-03-18 14:30:00,2,14,30,14.5,0,0,4,33,29,45,1.45,73,14.1,HIGH,SYNTHETIC_DEMO_DATA
2026-03-18 15:00:00,2,15,0,15.0,0,0,2,3,4,28,1.15,28,1.6,LOW,SYNTHETIC_DEMO_DATA
2026-03-18 15:30:00,2,15,30,15.5,0,0,2,15,14,25,1.38,34,13.5,LOW,SYNTHETIC_DEMO_DATA
2026-03-18 16:00:00,2,16,0,16.0,0,0,1,16,14,13,1.43,29,26.8,LOW,SYNTHETIC_DEMO_DATA
2026-03-18 16:30:00,2,16,30,16.5,0,0,3,53,44,34,1.66,81,33.4,HIGH,SYNTHETIC_DEMO_DATA
2026-03-18 17:00:00,2,17,0,17.0,0,0,3,44,38,36,1.51,79,26.8,HIGH,SYNTHETIC_DEMO_DATA
2026-03-18 17:30:00,2,17,30,17.5,0,0,5,46,40,46,1.84,90,17.8,HIGH,SYNTHETIC_DEMO_DATA
2026-03-18 18:00:00,2,18,0,18.0,0,0,1,26,24,20,1.14,44,35.4,MEDIUM,SYNTHETIC_DEMO_DATA
2026-03-18 18:30:00,2,18,30,18.5,0,0,2,29,25,30,1.31,54,21.7,MEDIUM,SYNTHETIC_DEMO_DATA
2026-03-18 19:00:00,2,19,0,19.0,0,0,1,2,5,12,1.23,12,3.3,LOW,SYNTHETIC_DEMO_DATA
2026-03-18 19:30:00,2,19,30,19.5,0,0,1,15,15,14,1.31,29,23.5,LOW,SYNTHETIC_DEMO_DATA
2026-03-19 08:00:00,3,8,0,8.0,0,0,1,24,22,14,1.43,37,38.2,MEDIUM,SYNTHETIC_DEMO_DATA
2026-03-19 08:30:00,3,8,30,8.5,0,0,2,48,39,26,1.48,70,38.2,MEDIUM,SYNTHETIC_DEMO_DATA
2026-03-19 09:00:00,3,9,0,9.0,0,0,4,30,24,56,1.16,78,9.6,HIGH,SYNTHETIC_DEMO_DATA
2026-03-19 09:30:00,3,9,30,9.5,0,0,1,23,20,18,1.21,40,31.4,MEDIUM,SYNTHETIC_DEMO_DATA
2026-03-19 10:00:00,3,10,0,10.0,0,0,1,30,26,15,1.49,40,50.8,MEDIUM,SYNTHETIC_DEMO_DATA
2026-03-19 10:30:00,3,10,30,10.5,0,0,4,45,37,45,1.49,86,18.4,HIGH,SYNTHETIC_DEMO_DATA
2026-03-19 11:00:00,3,11,0,11.0,0,0,4,54,46,37,1.89,87,27.9,HIGH,SYNTHETIC_DEMO_DATA
2026-03-19 11:30:00,3,11,30,11.5,0,0,4,0,2,48,1.15,48,1.0,MEDIUM,SYNTHETIC_DEMO_DATA
2026-03-19 12:00:00,3,12,0,12.0,0,0,4,61,52,41,1.61,98,28.6,VERY HIGH,SYNTHETIC_DEMO_DATA
2026-03-19 12:30:00,3,12,30,12.5,0,0,4,63,53,47,1.51,110,27.3,VERY HIGH,SYNTHETIC_DEMO_DATA
2026-03-19 13:00:00,3,13,0,13.0,0,0,3,72,59,28,2.22,99,57.7,VERY HIGH,SYNTHETIC_DEMO_DATA
2026-03-19 13:30:00,3,13,30,13.5,0,0,4,67,56,39,1.91,105,35.3,VERY HIGH,SYNTHETIC_DEMO_DATA
2026-03-19 14:00:00,3,14,0,14.0,0,0,2,50,43,27,1.45,70,43.1,MEDIUM,SYNTHETIC_DEMO_DATA
2026-03-19 14:30:00,3,14,30,14.5,0,0,4,33,28,45,1.52,72,15.2,MEDIUM,SYNTHETIC_DEMO_DATA
2026-03-19 15:00:00,3,15,0,15.0,0,0,2,7,9,29,1.23,31,4.3,LOW,SYNTHETIC_DEMO_DATA
2026-03-19 15:30:00,3,15,30,15.5,0,0,2,9,9,27,0.99,27,6.0,LOW,SYNTHETIC_DEMO_DATA
2026-03-19 16:00:00,3,16,0,16.0,0,0,2,4,3,22,1.43,22,4.6,LOW,SYNTHETIC_DEMO_DATA
2026-03-19 16:30:00,3,16,30,16.5,0,0,4,36,31,43,1.52,78,14.7,HIGH,SYNTHETIC_DEMO_DATA
2026-03-19 17:00:00,3,17,0,17.0,0,0,4,47,40,44,1.67,86,20.8,HIGH,SYNTHETIC_DEMO_DATA
2026-03-19 17:30:00,3,17,30,17.5,0,0,5,38,31,44,1.84,80,15.9,HIGH,SYNTHETIC_DEMO_DATA
2026-03-19 18:00:00,3,18,0,18.0,0,0,2,28,26,31,1.26,52,19.6,MEDIUM,SYNTHETIC_DEMO_DATA
2026-03-19 18:30:00,3,18,30,18.5,0,0,1,33,27,16,1.38,45,51.7,MEDIUM,SYNTHETIC_DEMO_DATA
2026-03-19 19:00:00,3,19,0,19.0,0,0,3,6,5,23,1.3,23,2.9,LOW,SYNTHETIC_DEMO_DATA
2026-03-19 19:30:00,3,19,30,19.5,0,0,1,8,9,17,1.36,17,13.0,LOW,SYNTHETIC_DEMO_DATA
2026-03-20 08:00:00,4,8,0,8.0,0,0,3,4,6,34,1.33,34,1.2,LOW,SYNTHETIC_DEMO_DATA
2026-03-20 08:30:00,4,8,30,8.5,0,0,3,48,41,39,1.42,81,26.1,HIGH,SYNTHETIC_DEMO_DATA
2026-03-20 09:00:00,4,9,0,9.0,0,0,3,42,35,36,1.41,77,22.2,HIGH,SYNTHETIC_DEMO_DATA
2026-03-20 09:30:00,4,9,30,9.5,0,0,1,22,20,19,1.02,37,27.2,MEDIUM,SYNTHETIC_DEMO_DATA
2026-03-20 10:00:00,4,10,0,10.0,0,0,1,33,30,15,1.43,45,54.8,MEDIUM,SYNTHETIC_DEMO_DATA
2026-03-20 10:30:00,4,10,30,10.5,0,0,4,47,41,38,1.79,82,23.9,HIGH,SYNTHETIC_DEMO_DATA
2026-03-20 11:00:00,4,11,0,11.0,0,0,4,50,41,40,1.61,87,22.2,HIGH,SYNTHETIC_DEMO_DATA
2026-03-20 11:30:00,4,11,30,11.5,0,0,3,23,22,38,1.39,51,14.1,MEDIUM,SYNTHETIC_DEMO_DATA
2026-03-20 12:00:00,4,12,0,12.0,0,0,3,75,63,34,1.65,106,46.5,VERY HIGH,SYNTHETIC_DEMO_DATA
2026-03-20 12:30:00,4,12,30,12.5,0,0,5,59,49,48,1.78,106,23.0,VERY HIGH,SYNTHETIC_DEMO_DATA
2026-03-20 13:00:00,4,13,0,13.0,0,0,4,61,50,39,1.69,103,28.6,VERY HIGH,SYNTHETIC_DEMO_DATA
2026-03-20 13:30:00,4,13,30,13.5,0,0,4,59,48,43,1.63,101,26.3,VERY HIGH,SYNTHETIC_DEMO_DATA
2026-03-20 14:00:00,4,14,0,14.0,0,0,3,43,37,31,1.6,75,25.5,HIGH,SYNTHETIC_DEMO_DATA
2026-03-20 14:30:00,4,14,30,14.5,0,0,3,38,34,45,1.07,79,14.8,HIGH,SYNTHETIC_DEMO_DATA
2026-03-20 15:00:00,4,15,0,15.0,0,0,1,15,12,14,1.37,29,23.6,LOW,SYNTHETIC_DEMO_DATA
2026-03-20 15:30:00,4,15,30,15.5,0,0,1,23,21,15,1.45,38,39.0,MEDIUM,SYNTHETIC_DEMO_DATA
2026-03-20 16:00:00,4,16,0,16.0,0,0,1,16,15,18,1.31,28,24.7,LOW,SYNTHETIC_DEMO_DATA
2026-03-20 16:30:00,4,16,30,16.5,0,0,3,50,44,27,1.86,78,34.5,HIGH,SYNTHETIC_DEMO_DATA
2026-03-20 17:00:00,4,17,0,17.0,0,0,4,55,44,36,1.87,91,27.9,HIGH,SYNTHETIC_DEMO_DATA
2026-03-20 17:30:00,4,17,30,17.5,0,0,4,35,30,48,1.46,83,15.6,HIGH,SYNTHETIC_DEMO_DATA
2026-03-20 18:00:00,4,18,0,18.0,0,0,2,20,18,28,1.2,49,13.7,MEDIUM,SYNTHETIC_DEMO_DATA
2026-03-20 18:30:00,4,18,30,18.5,0,0,2,18,15,33,1.1,46,12.6,MEDIUM,SYNTHETIC_DEMO_DATA
2026-03-20 19:00:00,4,19,0,19.0,0,0,3,3,3,25,1.38,25,1.7,LOW,SYNTHETIC_DEMO_DATA
2026-03-20 19:30:00,4,19,30,19.5,0,0,2,14,14,28,1.44,32,11.8,LOW,SYNTHETIC_DEMO_DATA
2026-03-21 08:00:00,5,8,0,8.0,0,0,2,4,7,24,1.35,26,3.2,LOW,SYNTHETIC_DEMO_DATA
2026-03-21 08:30:00,5,8,30,8.5,0,0,2,4,5,18,1.28,18,4.0,LOW,SYNTHETIC_DEMO_DATA
2026-03-21 09:00:00,5,9,0,9.0,0,0,1,14,14,14,1.38,27,21.7,LOW,SYNTHETIC_DEMO_DATA
2026-03-21 09:30:00,5,9,30,9.5,0,0,1,19,16,18,1.3,30,28.9,LOW,SYNTHETIC_DEMO_DATA
2026-03-21 10:00:00,5,10,0,10.0,0,0,1,15,15,15,1.31,24,24.2,LOW,SYNTHETIC_DEMO_DATA
2026-03-21 10:30:00,5,10,30,10.5,0,0,1,12,11,17,1.13,27,17.7,LOW,SYNTHETIC_DEMO_DATA
2026-03-21 11:00:00,5,11,0,11.0,0,0,1,10,9,19,1.2,23,14.2,LOW,SYNTHETIC_DEMO_DATA
2026-03-21 11:30:00,5,11,30,11.5,0,0,2,7,6,30,1.13,30,4.8,LOW,SYNTHETIC_DEMO_DATA
2026-03-21 12:00:00,5,12,0,12.0,0,0,1,33,28,18,1.18,44,46.5,MEDIUM,SYNTHETIC_DEMO_DATA
2026-03-21 12:30:00,5,12,30,12.5,0,0,2,21,19,26,1.66,43,20.3,MEDIUM,SYNTHETIC_DEMO_DATA
2026-03-21 13:00:00,5,13,0,13.0,0,0,1,33,27,15,1.52,45,55.7,MEDIUM,SYNTHETIC_DEMO_DATA
2026-03-21 13:30:00,5,13,30,13.5,0,0,1,26,23,17,1.58,42,46.9,MEDIUM,SYNTHETIC_DEMO_DATA
2026-03-21 14:00:00,5,14,0,14.0,0,0,2,27,23,22,1.59,52,24.4,MEDIUM,SYNTHETIC_DEMO_DATA
2026-03-21 14:30:00,5,14,30,14.5,0,0,1,16,16,14,1.76,26,31.0,LOW,SYNTHETIC_DEMO_DATA
2026-03-21 15:00:00,5,15,0,15.0,0,0,2,8,7,21,1.58,21,6.7,LOW,SYNTHETIC_DEMO_DATA
2026-03-21 15:30:00,5,15,30,15.5,0,0,3,4,5,21,1.13,21,1.2,LOW,SYNTHETIC_DEMO_DATA
2026-03-21 16:00:00,5,16,0,16.0,0,0,2,7,7,31,1.26,32,4.0,LOW,SYNTHETIC_DEMO_DATA
2026-03-21 16:30:00,5,16,30,16.5,0,0,2,0,2,25,1.31,25,1.7,LOW,SYNTHETIC_DEMO_DATA
2026-03-21 17:00:00,5,17,0,17.0,0,0,3,7,8,26,0.84,26,2.3,LOW,SYNTHETIC_DEMO_DATA
2026-03-21 17:30:00,5,17,30,17.5,0,0,1,5,5,18,1.19,21,6.0,LOW,SYNTHETIC_DEMO_DATA
2026-03-21 18:00:00,5,18,0,18.0,0,0,2,9,8,25,1.3,27,6.8,LOW,SYNTHETIC_DEMO_DATA
2026-03-21 18:30:00,5,18,30,18.5,0,0,2,9,8,20,1.75,22,9.4,LOW,SYNTHETIC_DEMO_DATA
2026-03-21 19:00:00,5,19,0,19.0,0,0,1,16,14,15,1.64,24,28.5,LOW,SYNTHETIC_DEMO_DATA
2026-03-21 19:30:00,5,19,30,19.5,0,0,2,4,3,21,1.22,21,5.1,LOW,SYNTHETIC_DEMO_DATA
2026-03-22 08:00:00,6,8,0,8.0,1,0,1,12,13,19,0.95,24,13.6,LOW,SYNTHETIC_DEMO_DATA
2026-03-22 08:30:00,6,8,30,8.5,1,0,3,6,9,22,1.34,22,3.8,LOW,SYNTHETIC_DEMO_DATA
2026-03-22 09:00:00,6,9,0,9.0,1,0,2,7,9,23,1.51,27,7.3,LOW,SYNTHETIC_DEMO_DATA
2026-03-22 09:30:00,6,9,30,9.5,1,0,3,6,6,23,1.29,23,1.6,LOW,SYNTHETIC_DEMO_DATA
2026-03-22 10:00:00,6,10,0,10.0,1,0,2,2,5,30,1.23,30,1.0,LOW,SYNTHETIC_DEMO_DATA
2026-03-22 10:30:00,6,10,30,10.5,1,0,2,7,9,22,1.48,22,4.8,LOW,SYNTHETIC_DEMO_DATA
2026-03-22 11:00:00,6,11,0,11.0,1,0,2,8,10,21,1.59,27,6.6,LOW,SYNTHETIC_DEMO_DATA
2026-03-22 11:30:00,6,11,30,11.5,1,0,2,3,5,24,1.15,24,3.8,LOW,SYNTHETIC_DEMO_DATA
2026-03-22 12:00:00,6,12,0,12.0,1,0,1,25,21,19,1.07,45,32.5,MEDIUM,SYNTHETIC_DEMO_DATA
2026-03-22 12:30:00,6,12,30,12.5,1,0,2,22,21,26,1.67,43,21.2,MEDIUM,SYNTHETIC_DEMO_DATA
2026-03-22 13:00:00,6,13,0,13.0,1,0,1,43,35,14,1.41,54,69.2,MEDIUM,SYNTHETIC_DEMO_DATA
2026-03-22 13:30:00,6,13,30,13.5,1,0,1,42,35,18,1.27,53,61.4,MEDIUM,SYNTHETIC_DEMO_DATA
2026-03-22 14:00:00,6,14,0,14.0,1,0,1,38,34,17,1.39,52,63.4,MEDIUM,SYNTHETIC_DEMO_DATA
2026-03-22 14:30:00,6,14,30,14.5,1,0,3,3,4,19,1.79,19,1.4,LOW,SYNTHETIC_DEMO_DATA
2026-03-22 15:00:00,6,15,0,15.0,1,0,2,10,8,29,1.38,30,6.5,LOW,SYNTHETIC_DEMO_DATA
2026-03-22 15:30:00,6,15,30,15.5,1,0,1,2,3,19,1.08,19,2.7,LOW,SYNTHETIC_DEMO_DATA
2026-03-22 16:00:00,6,16,0,16.0,1,0,1,12,12,15,1.51,23,21.4,LOW,SYNTHETIC_DEMO_DATA
2026-03-22 16:30:00,6,16,30,16.5,1,0,1,19,18,14,1.38,30,29.1,LOW,SYNTHETIC_DEMO_DATA
2026-03-22 17:00:00,6,17,0,17.0,1,0,1,13,12,12,1.58,24,23.7,LOW,SYNTHETIC_DEMO_DATA
2026-03-22 17:30:00,6,17,30,17.5,1,0,2,0,1,30,1.05,30,1.0,LOW,SYNTHETIC_DEMO_DATA
2026-03-22 18:00:00,6,18,0,18.0,1,0,2,5,6,26,1.48,26,5.3,LOW,SYNTHETIC_DEMO_DATA
2026-03-22 18:30:00,6,18,30,18.5,1,0,1,13,12,13,1.43,22,21.0,LOW,SYNTHETIC_DEMO_DATA
2026-03-22 19:00:00,6,19,0,19.0,1,0,3,6,6,24,1.08,24,3.5,LOW,SYNTHETIC_DEMO_DATA
2026-03-22 19:30:00,6,19,30,19.5,1,0,1,15,13,18,1.1,25,18.9,LOW,SYNTHETIC_DEMO_DATA
2026-03-23 08:00:00,0,8,0,8.0,0,0,1,27,25,14,1.38,40,42.6,MEDIUM,SYNTHETIC_DEMO_DATA
2026-03-23 08:30:00,0,8,30,8.5,0,0,2,45,39,28,1.34,75,34.9,HIGH,SYNTHETIC_DEMO_DATA
2026-03-23 09:00:00,0,9,0,9.0,0,0,3,33,30,46,1.15,68,16.2,MEDIUM,SYNTHETIC_DEMO_DATA
2026-03-23 09:30:00,0,9,30,9.5,0,0,2,16,15,31,1.18,49,12.6,MEDIUM,SYNTHETIC_DEMO_DATA
2026-03-23 10:00:00,0,10,0,10.0,0,0,2,27,24,23,1.63,46,26.8,MEDIUM,SYNTHETIC_DEMO_DATA
2026-03-23 10:30:00,0,10,30,10.5,0,0,5,51,42,41,1.95,95,20.7,HIGH,SYNTHETIC_DEMO_DATA
2026-03-23 11:00:00,0,11,0,11.0,0,0,4,49,43,37,1.85,84,26.9,HIGH,SYNTHETIC_DEMO_DATA
2026-03-23 11:30:00,0,11,30,11.5,0,0,4,9,11,52,1.29,53,3.2,MEDIUM,SYNTHETIC_DEMO_DATA
2026-03-23 12:00:00,0,12,0,12.0,0,0,4,66,56,43,1.65,105,30.6,VERY HIGH,SYNTHETIC_DEMO_DATA
2026-03-23 12:30:00,0,12,30,12.5,0,0,3,77,63,33,1.71,108,49.2,VERY HIGH,SYNTHETIC_DEMO_DATA
2026-03-23 13:00:00,0,13,0,13.0,0,0,4,62,50,43,1.7,100,28.6,VERY HIGH,SYNTHETIC_DEMO_DATA
2026-03-23 13:30:00,0,13,30,13.5,0,0,3,65,55,34,1.57,98,38.8,VERY HIGH,SYNTHETIC_DEMO_DATA
2026-03-23 14:00:00,0,14,0,14.0,0,0,3,32,26,40,1.34,67,17.5,MEDIUM,SYNTHETIC_DEMO_DATA
2026-03-23 14:30:00,0,14,30,14.5,0,0,2,49,40,25,1.31,71,37.3,MEDIUM,SYNTHETIC_DEMO_DATA
2026-03-23 15:00:00,0,15,0,15.0,0,0,1,23,19,15,1.31,37,35.3,MEDIUM,SYNTHETIC_DEMO_DATA
2026-03-23 15:30:00,0,15,30,15.5,0,0,2,8,10,30,1.33,32,7.0,LOW,SYNTHETIC_DEMO_DATA
2026-03-23 16:00:00,0,16,0,16.0,0,0,2,6,6,29,1.31,29,4.9,LOW,SYNTHETIC_DEMO_DATA
2026-03-23 16:30:00,0,16,30,16.5,0,0,3,57,47,28,1.86,86,38.9,HIGH,SYNTHETIC_DEMO_DATA
2026-03-23 17:00:00,0,17,0,17.0,0,0,4,40,34,43,1.46,83,17.1,HIGH,SYNTHETIC_DEMO_DATA
2026-03-23 17:30:00,0,17,30,17.5,0,0,5,35,28,50,1.69,79,14.4,HIGH,SYNTHETIC_DEMO_DATA
2026-03-23 18:00:00,0,18,0,18.0,0,0,2,23,22,28,1.46,43,20.1,MEDIUM,SYNTHETIC_DEMO_DATA
2026-03-23 18:30:00,0,18,30,18.5,0,0,2,26,25,22,1.47,45,23.0,MEDIUM,SYNTHETIC_DEMO_DATA
2026-03-23 19:00:00,0,19,0,19.0,0,0,1,5,4,15,1.19,15,6.2,LOW,SYNTHETIC_DEMO_DATA
2026-03-23 19:30:00,0,19,30,19.5,0,0,1,10,12,16,1.5,16,18.5,LOW,SYNTHETIC_DEMO_DATA
2026-03-24 08:00:00,1,8,0,8.0,0,0,3,11,9,36,1.44,36,5.9,LOW,SYNTHETIC_DEMO_DATA
2026-03-24 08:30:00,1,8,30,8.5,0,0,2,43,37,29,1.17,73,29.4,HIGH,SYNTHETIC_DEMO_DATA
2026-03-24 09:00:00,1,9,0,9.0,0,0,3,33,27,51,1.04,76,13.6,HIGH,SYNTHETIC_DEMO_DATA
2026-03-24 09:30:00,1,9,30,9.5,0,0,1,29,23,19,1.06,47,36.5,MEDIUM,SYNTHETIC_DEMO_DATA
2026-03-24 10:00:00,1,10,0,10.0,0,0,2,16,16,28,1.3,37,12.5,MEDIUM,SYNTHETIC_DEMO_DATA
2026-03-24 10:30:00,1,10,30,10.5,0,0,4,46,39,37,1.77,84,22.4,HIGH,SYNTHETIC_DEMO_DATA
2026-03-24 11:00:00,1,11,0,11.0,0,0,4,53,43,33,2.03,85,29.6,HIGH,SYNTHETIC_DEMO_DATA
2026-03-24 11:30:00,1,11,30,11.5,0,0,3,19,16,37,1.54,51,10.2,MEDIUM,SYNTHETIC_DEMO_DATA
2026-03-24 12:00:00,1,12,0,12.0,0,0,4,72,59,38,1.92,106,37.1,VERY HIGH,SYNTHETIC_DEMO_DATA
2026-03-24 12:30:00,1,12,30,12.5,0,0,5,52,44,56,1.45,106,17.2,VERY HIGH,SYNTHETIC_DEMO_DATA
2026-03-24 13:00:00,1,13,0,13.0,0,0,4,70,56,38,1.72,103,33.2,VERY HIGH,SYNTHETIC_DEMO_DATA
2026-03-24 13:30:00,1,13,30,13.5,0,0,3,74,62,32,1.81,103,49.0,VERY HIGH,SYNTHETIC_DEMO_DATA
2026-03-24 14:00:00,1,14,0,14.0,0,0,3,40,32,42,1.32,73,21.6,HIGH,SYNTHETIC_DEMO_DATA
2026-03-24 14:30:00,1,14,30,14.5,0,0,4,27,24,52,1.25,70,10.2,MEDIUM,SYNTHETIC_DEMO_DATA
2026-03-24 15:00:00,1,15,0,15.0,0,0,2,10,12,26,1.45,29,7.9,LOW,SYNTHETIC_DEMO_DATA
2026-03-24 15:30:00,1,15,30,15.5,0,0,2,14,12,23,1.46,34,12.3,LOW,SYNTHETIC_DEMO_DATA
2026-03-24 16:00:00,1,16,0,16.0,0,0,2,2,5,26,1.27,28,2.8,LOW,SYNTHETIC_DEMO_DATA
2026-03-24 16:30:00,1,16,30,16.5,0,0,3,56,47,33,1.74,82,37.0,HIGH,SYNTHETIC_DEMO_DATA
2026-03-24 17:00:00,1,17,0,17.0,0,0,3,47,41,31,1.57,80,27.4,HIGH,SYNTHETIC_DEMO_DATA
2026-03-24 17:30:00,1,17,30,17.5,0,0,5,28,25,64,1.25,86,7.7,HIGH,SYNTHETIC_DEMO_DATA
2026-03-24 18:00:00,1,18,0,18.0,0,0,3,5,6,48,1.06,48,2.3,MEDIUM,SYNTHETIC_DEMO_DATA
2026-03-24 18:30:00,1,18,30,18.5,0,0,1,29,23,14,1.39,47,46.9,MEDIUM,SYNTHETIC_DEMO_DATA
2026-03-24 19:00:00,1,19,0,19.0,0,0,3,3,3,17,1.17,17,1.1,LOW,SYNTHETIC_DEMO_DATA
2026-03-24 19:30:00,1,19,30,19.5,0,0,1,4,7,15,1.42,15,8.3,LOW,SYNTHETIC_DEMO_DATA
2026-03-25 08:00:00,2,8,0,8.0,0,0,1,29,25,19,1.24,42,41.7,MEDIUM,SYNTHETIC_DEMO_DATA
2026-03-25 08:30:00,2,8,30,8.5,0,0,3,45,39,38,1.48,76,25.5,HIGH,SYNTHETIC_DEMO_DATA
2026-03-25 09:00:00,2,9,0,9.0,0,0,2,53,44,29,1.22,80,37.6,HIGH,SYNTHETIC_DEMO_DATA
2026-03-25 09:30:00,2,9,30,9.5,0,0,1,30,28,17,1.1,42,39.7,MEDIUM,SYNTHETIC_DEMO_DATA
2026-03-25 10:00:00,2,10,0,10.0,0,0,1,35,29,13,1.42,47,55.0,MEDIUM,SYNTHETIC_DEMO_DATA
2026-03-25 10:30:00,2,10,30,10.5,0,0,3,54,44,33,1.51,88,30.0,HIGH,SYNTHETIC_DEMO_DATA
2026-03-25 11:00:00,2,11,0,11.0,0,0,4,46,40,35,1.98,82,25.6,HIGH,SYNTHETIC_DEMO_DATA
2026-03-25 11:30:00,2,11,30,11.5,0,0,4,7,9,45,1.57,50,4.6,MEDIUM,SYNTHETIC_DEMO_DATA
2026-03-25 12:00:00,2,12,0,12.0,0,0,4,64,52,39,1.73,102,29.8,VERY HIGH,SYNTHETIC_DEMO_DATA
2026-03-25 12:30:00,2,12,30,12.5,0,0,3,80,65,29,2.01,107,57.5,VERY HIGH,SYNTHETIC_DEMO_DATA
2026-03-25 13:00:00,2,13,0,13.0,0,0,4,59,49,46,1.46,101,24.6,VERY HIGH,SYNTHETIC_DEMO_DATA
2026-03-25 13:30:00,2,13,30,13.5,0,0,5,65,55,44,2.01,104,29.1,VERY HIGH,SYNTHETIC_DEMO_DATA
2026-03-25 14:00:00,2,14,0,14.0,0,0,3,30,25,46,1.15,67,12.2,MEDIUM,SYNTHETIC_DEMO_DATA
2026-03-25 14:30:00,2,14,30,14.5,0,0,3,31,26,34,1.42,66,15.9,MEDIUM,SYNTHETIC_DEMO_DATA
2026-03-25 15:00:00,2,15,0,15.0,0,0,2,12,13,25,1.61,26,10.4,LOW,SYNTHETIC_DEMO_DATA
2026-03-25 15:30:00,2,15,30,15.5,0,0,1,19,17,17,1.21,32,26.9,LOW,SYNTHETIC_DEMO_DATA
2026-03-25 16:00:00,2,16,0,16.0,0,0,1,16,15,14,1.55,26,28.2,LOW,SYNTHETIC_DEMO_DATA
2026-03-25 16:30:00,2,16,30,16.5,0,0,4,56,47,33,2.03,83,31.5,HIGH,SYNTHETIC_DEMO_DATA
2026-03-25 17:00:00,2,17,0,17.0,0,0,4,43,35,42,1.68,81,21.0,HIGH,SYNTHETIC_DEMO_DATA
2026-03-25 17:30:00,2,17,30,17.5,0,0,3,56,47,31,1.75,86,36.7,HIGH,SYNTHETIC_DEMO_DATA
2026-03-25 18:00:00,2,18,0,18.0,0,0,1,38,31,18,1.28,49,55.9,MEDIUM,SYNTHETIC_DEMO_DATA
2026-03-25 18:30:00,2,18,30,18.5,0,0,2,23,19,24,1.49,44,19.3,MEDIUM,SYNTHETIC_DEMO_DATA
2026-03-25 19:00:00,2,19,0,19.0,0,0,2,0,4,19,1.5,19,1.0,LOW,SYNTHETIC_DEMO_DATA
2026-03-25 19:30:00,2,19,30,19.5,0,0,1,11,9,11,1.68,16,20.7,LOW,SYNTHETIC_DEMO_DATA
2026-03-26 08:00:00,3,8,0,8.0,0,0,2,12,13,31,1.24,38,11.1,MEDIUM,SYNTHETIC_DEMO_DATA
2026-03-26 08:30:00,3,8,30,8.5,0,0,3,48,42,33,1.44,78,26.4,HIGH,SYNTHETIC_DEMO_DATA
2026-03-26 09:00:00,3,9,0,9.0,0,0,3,41,35,41,1.28,79,19.9,HIGH,SYNTHETIC_DEMO_DATA
2026-03-26 09:30:00,3,9,30,9.5,0,0,2,26,23,23,1.4,41,22.3,MEDIUM,SYNTHETIC_DEMO_DATA
2026-03-26 10:00:00,3,10,0,10.0,0,0,1,28,23,19,1.24,42,39.1,MEDIUM,SYNTHETIC_DEMO_DATA
2026-03-26 10:30:00,3,10,30,10.5,0,0,3,65,55,35,1.63,93,39.8,HIGH,SYNTHETIC_DEMO_DATA
2026-03-26 11:00:00,3,11,0,11.0,0,0,3,57,49,32,1.68,88,35.4,HIGH,SYNTHETIC_DEMO_DATA
2026-03-26 11:30:00,3,11,30,11.5,0,0,2,31,27,25,1.49,53,27.0,MEDIUM,SYNTHETIC_DEMO_DATA
2026-03-26 12:00:00,3,12,0,12.0,0,0,3,64,53,37,1.51,100,36.2,VERY HIGH,SYNTHETIC_DEMO_DATA
2026-03-26 12:30:00,3,12,30,12.5,0,0,4,70,58,41,1.73,106,34.9,VERY HIGH,SYNTHETIC_DEMO_DATA
2026-03-26 13:00:00,3,13,0,13.0,0,0,4,64,51,38,1.84,99,33.1,VERY HIGH,SYNTHETIC_DEMO_DATA
2026-03-26 13:30:00,3,13,30,13.5,0,0,4,67,54,37,1.79,99,33.1,VERY HIGH,SYNTHETIC_DEMO_DATA
2026-03-26 14:00:00,3,14,0,14.0,0,0,2,46,39,31,1.22,69,32.0,MEDIUM,SYNTHETIC_DEMO_DATA
2026-03-26 14:30:00,3,14,30,14.5,0,0,2,48,42,28,1.42,69,40.8,MEDIUM,SYNTHETIC_DEMO_DATA
2026-03-26 15:00:00,3,15,0,15.0,0,0,1,9,11,19,1.13,24,12.1,LOW,SYNTHETIC_DEMO_DATA
2026-03-26 15:30:00,3,15,30,15.5,0,0,1,10,9,16,1.26,23,13.9,LOW,SYNTHETIC_DEMO_DATA
2026-03-26 16:00:00,3,16,0,16.0,0,0,1,15,14,21,1.16,30,20.7,LOW,SYNTHETIC_DEMO_DATA
2026-03-26 16:30:00,3,16,30,16.5,0,0,5,42,34,51,1.64,85,15.8,HIGH,SYNTHETIC_DEMO_DATA
2026-03-26 17:00:00,3,17,0,17.0,0,0,4,50,43,40,1.82,83,25.5,HIGH,SYNTHETIC_DEMO_DATA
2026-03-26 17:30:00,3,17,30,17.5,0,0,3,50,41,27,1.89,77,35.5,HIGH,SYNTHETIC_DEMO_DATA
2026-03-26 18:00:00,3,18,0,18.0,0,0,2,22,19,23,1.41,47,19.0,MEDIUM,SYNTHETIC_DEMO_DATA
2026-03-26 18:30:00,3,18,30,18.5,0,0,2,27,22,24,1.77,46,26.2,MEDIUM,SYNTHETIC_DEMO_DATA
2026-03-26 19:00:00,3,19,0,19.0,0,0,1,10,10,16,1.36,18,16.5,LOW,SYNTHETIC_DEMO_DATA
2026-03-26 19:30:00,3,19,30,19.5,0,0,1,16,16,15,1.58,22,30.4,LOW,SYNTHETIC_DEMO_DATA
2026-03-27 08:00:00,4,8,0,8.0,0,0,2,15,15,27,1.46,36,12.2,LOW,SYNTHETIC_DEMO_DATA
2026-03-27 08:30:00,4,8,30,8.5,0,0,2,49,42,29,1.25,77,36.4,HIGH,SYNTHETIC_DEMO_DATA
2026-03-27 09:00:00,4,9,0,9.0,0,0,3,38,34,33,1.58,71,22.7,MEDIUM,SYNTHETIC_DEMO_DATA
2026-03-27 09:30:00,4,9,30,9.5,0,0,1,32,29,14,1.31,44,49.2,MEDIUM,SYNTHETIC_DEMO_DATA
2026-03-27 10:00:00,4,10,0,10.0,0,0,1,27,22,18,1.35,43,41.6,MEDIUM,SYNTHETIC_DEMO_DATA
2026-03-27 10:30:00,4,10,30,10.5,0,0,3,57,48,28,1.84,84,38.7,HIGH,SYNTHETIC_DEMO_DATA
2026-03-27 11:00:00,4,11,0,11.0,0,0,5,32,27,61,1.27,89,9.5,HIGH,SYNTHETIC_DEMO_DATA
2026-03-27 11:30:00,4,11,30,11.5,0,0,4,6,8,49,1.33,49,1.6,MEDIUM,SYNTHETIC_DEMO_DATA
2026-03-27 12:00:00,4,12,0,12.0,0,0,4,59,49,37,1.97,99,31.6,VERY HIGH,SYNTHETIC_DEMO_DATA
2026-03-27 12:30:00,4,12,30,12.5,0,0,4,61,53,41,1.7,100,29.9,VERY HIGH,SYNTHETIC_DEMO_DATA
2026-03-27 13:00:00,4,13,0,13.0,0,0,4,61,51,44,1.64,101,27.2,VERY HIGH,SYNTHETIC_DEMO_DATA
2026-03-27 13:30:00,4,13,30,13.5,0,0,5,59,49,50,1.64,108,22.1,VERY HIGH,SYNTHETIC_DEMO_DATA
2026-03-27 14:00:00,4,14,0,14.0,0,0,4,19,19,55,1.13,65,4.4,MEDIUM,SYNTHETIC_DEMO_DATA
2026-03-27 14:30:00,4,14,30,14.5,0,0,2,49,43,26,1.34,78,38.7,HIGH,SYNTHETIC_DEMO_DATA
2026-03-27 15:00:00,4,15,0,15.0,0,0,1,17,15,19,1.05,34,20.3,LOW,SYNTHETIC_DEMO_DATA
2026-03-27 15:30:00,4,15,30,15.5,0,0,2,16,16,25,1.71,36,15.4,LOW,SYNTHETIC_DEMO_DATA
2026-03-27 16:00:00,4,16,0,16.0,0,0,1,19,15,20,1.08,28,24.6,LOW,SYNTHETIC_DEMO_DATA
2026-03-27 16:30:00,4,16,30,16.5,0,0,5,31,29,55,1.57,81,11.1,HIGH,SYNTHETIC_DEMO_DATA
2026-03-27 17:00:00,4,17,0,17.0,0,0,3,54,47,27,1.96,80,39.8,HIGH,SYNTHETIC_DEMO_DATA
2026-03-27 17:30:00,4,17,30,17.5,0,0,3,47,39,31,1.71,77,30.0,HIGH,SYNTHETIC_DEMO_DATA
2026-03-27 18:00:00,4,18,0,18.0,0,0,3,16,13,35,1.57,43,8.5,MEDIUM,SYNTHETIC_DEMO_DATA
2026-03-27 18:30:00,4,18,30,18.5,0,0,2,24,20,20,1.86,43,24.3,MEDIUM,SYNTHETIC_DEMO_DATA
2026-03-27 19:00:00,4,19,0,19.0,0,0,2,4,6,23,1.43,23,5.4,LOW,SYNTHETIC_DEMO_DATA
2026-03-27 19:30:00,4,19,30,19.5,0,0,2,6,6,22,1.51,22,5.4,LOW,SYNTHETIC_DEMO_DATA
